pdf_descartado,identico_a,sha256_pdf
copy_of_20220209semeprojetoidentificacaodocidadao_primeira_reu_ceficv6.pdf,20220209semeprojetoidentificacaodocidadao_primeira_reu_ceficv6.pdf,7f34b5e8b500cd27cecb0e96c5eb14b8d3781cd923c3bc8f17a54843052feb1c
copy_of_20220209semeprojetoidentificacaodocidadao_segunda_reu_ceficv5.pdf,20220209semeprojetoidentificacaodocidadao_segunda_reu_ceficv5.pdf,f5124ce402747745b940ab3fd334c47ce167f66023581913d6c337a099a303f4
copy_of_202205053areuniaoCEFICv2.pdf,202205053areuniaoCEFICv2.pdf,515664e97084a335228b78d566aef029935b49497c496208b470f3ed13437b39
copy_of_2025.06.10MemriadaReunioCEFICFINAL.pdf,2025.06.10MemriadaReunioCEFICFINAL.pdf,47c0846bd927eff8415cc246e2727fde3fed64917da6485aaf98e3aa3e227f68
copy2_of_2025.07.10MemriadaReunioCEFIC1revisado.pdf,2025.07.10MemriadaReunioCEFIC1revisado.pdf,8097d74c4855f41285a33b85be4083275ac3d90fa20d1409fc8b313a6feeddc8
copy_of_2025.07.10MemriadaReunioCEFIC1revisado.pdf,2025.07.10MemriadaReunioCEFIC1revisado.pdf,8097d74c4855f41285a33b85be4083275ac3d90fa20d1409fc8b313a6feeddc8
copy_of_ata2areuniaodacefic.pdf,ata2areuniaodacefic.pdf,64b3ae8b4ebd38cc2f8e03b62ad5e35d9a13ca0e788a9644559c0e266c3500ce
copy_of_Ata3aReuCEFIC1.pdf,Ata3aReuCEFIC1.pdf,b85a1fa9732699d1e38aebe707475b3d5381e788fbcc4ea626f0913492f65b5a
copy_of_Ata4aReu_CEFIC1.pdf,Ata4aReu_CEFIC1.pdf,426d94ac18c9b5a7838a21a55ad3f9be0fa64335903918d546c48573d5a03323
copy_of_Ata5aReu_CEFICv4.pdf,Ata5aReu_CEFICv4.pdf,a464fe5be99f3c7243aee4018550bd9f09736d07ad1f324e1da359ab9894ce47
copy_of_ATA8reudacefic11.pdf,ATA8reudacefic11.pdf,f2ebb79ec2b343bb8d21a1a537c07a3dc901773ef4d31c89e694937ddc303692
copy_of_ata_1_14mar22.pdf,ata_1_14mar22.pdf,a8987ff741005380b76abe77d1ea41b59e91b3a58026c25dd7c0f0cf2b7f7239
copy_of_Atada6reuniaoCEFIC.v2.pdf,Atada6reuniaoCEFIC.v2.pdf,2f9a785afb46d572e3679cac455699cdb69a51c64b43f77c4a872b52e2de8343
copy_of_Atada7reuniaoCEFIC.v2.pdf,Atada7reuniaoCEFIC.v2.pdf,b7c0cf02aa8fc71504588a592b75fa34b02ee6c2f40ff490d1786f03d8bec129
copy3_of_2025.06.10MemriadaReunioCEFICFINAL.pdf,copy2_of_2025.06.10MemriadaReunioCEFICFINAL.pdf,721cfe25485f141e7858fcbdb11cdf4647c6bece4b5b8134771f489731dc65dd
copy2_of_Fluxo_CIN_V7.pdf,Fluxo_CIN_V7.pdf,238e40d44195e28ed5598f2f103bf97f2b5ad6c8160249eb0c0a9f31301c24eb
copy_of_Fluxo_CIN_V7.pdf,Fluxo_CIN_V7.pdf,238e40d44195e28ed5598f2f103bf97f2b5ad6c8160249eb0c0a9f31301c24eb
copy2_of_Memoria1aReuniaoCEFIC20250311v2.pdf,Memoria1aReuniaoCEFIC20250311v2.pdf,276e77fe541c898b7c695cddfd746ccc6c8dcb5612b144d61d6f61766969812f
copy_of_Memoria1aReuniaoCEFIC20250311v2.pdf,Memoria1aReuniaoCEFIC20250311v2.pdf,276e77fe541c898b7c695cddfd746ccc6c8dcb5612b144d61d6f61766969812f
copy_of_D10900.pdf,D10900.pdf,5432ef97d06d5bfc6df92ef1567bf7b94ca27979a4f72f0ded6ecf750ccd5839
copy_of_RelatorioVisitaTecnicaGraficasagosto.pdf,RelatorioVisitaTecnicaGraficasagosto.pdf,c93b473770bb35dd6045e9d7c65214560622e69aab1ce1d889273e73052c695c
copy_of_resolucao_n-9-de-7-de-novembro-de-2022.pdf,resolucao_n-9-de-7-de-novembro-de-2022.pdf,07730eaf6df5f670ab8351c28ee371abbdd8e2787d9df3e6291d88fb6c38cb8c
copy_of_resolucao_n__7__de_13_de_outubro_de_202.pdf,resolucao_n__7__de_13_de_outubro_de_202.pdf,bb1a2fdb042dd3e43eafd41dba0bb007465f94d5d495da3ac26b5dc1f5cb022d
copy_of_resolucao_n__8__de_13_de_outubro_de_2022.pdf,resolucao_n__8__de_13_de_outubro_de_2022.pdf,7f3f78cbcf108c09586366a07da58b2e88cb6ed5760455ffce9a3136aafda207
