dim,familia,palavras
capacidades/industrial,aprisionamento_lockin,5
capacidades/industrial,capacitacao_tecnologica,2
capacidades/industrial,codigo_fonte,2
capacidades/industrial,conteudo_local,2
capacidades/industrial,desenvolvimento_nacional,3
capacidades/industrial,empresa_industria_nacional,2
capacidades/industrial,encomenda_tecnologica,3
capacidades/industrial,margem_preferencia,3
capacidades/industrial,nova_industria_brasil,4
capacidades/industrial,padrao_aberto,4
capacidades/industrial,propriedade_intelectual,2
capacidades/industrial,software_livre_codigo_aberto,2
capacidades/industrial,substituicao_fornecedor,4
capacidades/industrial,transferencia_tecnologia,3
demais,acuracia,1
demais,bancos,1
demais,blockchain,1
demais,concorrencia,1
demais,fala_brasil,2
demais,fomento,1
demais,graficas,1
demais,interoperabilidade,1
demais,multifornecedor_segundo_motor,4
demais,nist_nfiq,1
demais,policiafederal_aditivo,1
demais,preferencia_normativa,1
demais,sitios_operacionais,2
demais,soberania,1
demais,territorio_nacional,2
demais,tier_iii,2
