familia,estrito_total,estrito_docs,ampliado_total,ampliado_docs,zerada_no_recorte_original
padrao_aberto,0,0,0,0,True
substituicao_fornecedor,0,0,0,0,True
desenvolvimento_nacional,0,0,0,0,True
empresa_industria_nacional,0,0,1,1,True
nova_industria_brasil,0,0,0,0,True
margem_preferencia,0,0,0,0,True
conteudo_local,0,0,0,0,True
encomenda_tecnologica,0,0,0,0,True
software_livre_codigo_aberto,0,0,0,0,True
codigo_fonte,0,0,0,0,True
propriedade_intelectual,0,0,3,3,True
transferencia_tecnologia,0,0,0,0,True
capacitacao_tecnologica,0,0,5,5,True
aprisionamento_lockin,0,0,0,0,True
interoperabilidade,45,24,45,24,False
multifornecedor_segundo_motor,3,3,50,23,False
concorrencia,3,2,6,5,False
soberania,3,2,3,2,False
territorio_nacional,39,17,39,17,False
blockchain,6,3,6,3,False
bancos,16,4,16,4,False
fomento,4,3,4,3,False
acuracia,5,5,5,5,False
nist_nfiq,16,8,18,8,False
policiafederal_aditivo,4,4,103,49,False
graficas,72,35,194,46,False
fala_brasil,7,1,541,95,False
tier_iii,2,2,2,2,False
sitios_operacionais,2,2,2,2,False
preferencia_normativa,12,10,19,10,False
