familia,total,docs
interoperabilidade,45,24
multifornecedor_segundo_motor,3,3
padrao_aberto,0,0
substituicao_fornecedor,0,0
concorrencia,3,2
desenvolvimento_nacional,0,0
empresa_industria_nacional,0,0
nova_industria_brasil,0,0
margem_preferencia,0,0
conteudo_local,0,0
encomenda_tecnologica,0,0
software_livre_codigo_aberto,0,0
codigo_fonte,0,0
propriedade_intelectual,0,0
transferencia_tecnologia,0,0
capacitacao_tecnologica,0,0
aprisionamento_lockin,0,0
blockchain,6,3
soberania,3,2
territorio_nacional,39,17
bancos,16,4
fomento,4,3
acuracia,5,5
nist_nfiq,16,8
policiafederal_aditivo,4,4
graficas,51,24
fala_brasil,5,1
tier_iii,2,2
sitios_operacionais,2,2
