dimensao,item_do_quadro,termos_buscados,n_termos,ocorrencias,ocorrencias_lexico_ampliado,documentos,resultado,onde_conferir
Concorrência e contestabilidade,padrões abertos,API aberta; API pública; especificação aberta; especificações abertas; open standard; padronização aberta; padrão aberto; padrões abertos,8,0,0,0,ausente,TERMOS_BUSCADOS.md
Concorrência e contestabilidade,interoperabilidade,interoperab,1,34,34,19,presente,dados/kwic_cefic_corrigido.csv (familia: interoperabilidade)
Concorrência e contestabilidade,condições para substituição de fornecedores,migração de fornecedor; mudança de fornecedor; portabilidade de fornecedor; substituição da solução; substituição de fornecedor; substituição de tecnologia; substituição do fornecedor; troca de fornecedor; trocar de fornecedor,9,3,34,3,presente,"dados/kwic_cefic_corrigido.csv (familia: substituicao_fornecedor, multifornecedor_segundo_motor)"
Concorrência e contestabilidade,código aberto,GitHub; código aberto; licença livre; licença pública; open source; repositório público; software livre; software público,8,0,0,0,ausente,TERMOS_BUSCADOS.md
Concorrência e contestabilidade,software livre,GitHub; código aberto; licença livre; licença pública; open source; repositório público; software livre; software público,8,0,0,0,ausente,TERMOS_BUSCADOS.md
Concorrência e contestabilidade,aprisionamento tecnológico,aprisionamento; cativo; dependência de fornecedor; dependência do fornecedor; dependência tecnológica; exclusividade; fornecedor único; lock in; lock-in; monopólio; vendor lock,11,0,0,0,ausente,TERMOS_BUSCADOS.md
Desenvolvimento tecnológico nacional,mecanismos de contratação ou outros instrumentos de estímulo ao nacional,CPSI; ETEC; Lei 14.133; Lei de Inovação; PPB; conteúdo local; conteúdo nacional; contratação de solução inovadora; critério de desempate; encomenda pública; encomenda tecnológica; margem de preferência; margens de preferência; processo produtivo básico; índice de nacionalização,15,0,0,0,ausente,TERMOS_BUSCADOS.md
Desenvolvimento tecnológico nacional,desenvolvimento tecnológico nacional,autonomia tecnológica; desenvolvimento local; desenvolvimento nacional; desenvolvimento tecnológico nacional; nacionalização; produção nacional; solução nacional; tecnologia nacional,8,0,0,0,ausente,TERMOS_BUSCADOS.md
Desenvolvimento tecnológico nacional,incentivo a empresa nacional,BNDES; FINEP; NIB; Nova Indústria Brasil; capital nacional; empresa nacional; empresas nacionais; fabricante nacional; fornecedor nacional; fornecedores nacionais; indústria nacional; política industrial; sediada no país,13,0,1,0,ausente,TERMOS_BUSCADOS.md
