arquivo_repo,sha256_pdf,texto_presente,chars_uteis,paginas,situacao
1-reunic-ordinaria-15_05_2024,38adb2ca689c7a5b96caa9125f383e7704b304b8302710ab807ec724836c519d,True,7478,4,ok
1_reunicextra_cefic_21_07_2023,880113ecba4201d6ec3255036eaa59fb7ffb6c7ac61ed3e23437cbec2bb5fbfe,True,1048,1,ok
1reuniao_Cefic_06_04_2023-,f14942783e973de958684b85fdef32764c3769d81eea05d4bc366b4ae7070c0d,True,2577,2,ok
20220209semeprojetoidentificacaodocidadao_primeira_reu_ceficv6,7f34b5e8b500cd27cecb0e96c5eb14b8d3781cd923c3bc8f17a54843052feb1c,True,13547,21,ok
20220209semeprojetoidentificacaodocidadao_segunda_reu_ceficv5,f5124ce402747745b940ab3fd334c47ce167f66023581913d6c337a099a303f4,True,5397,12,ok
202205053areuniaoCEFICv2,515664e97084a335228b78d566aef029935b49497c496208b470f3ed13437b39,True,4839,15,ok
2024-05-27_memoria-de-reuniao-1a-reuniao-extradordinaria-cefic,9b317e6f3ea70dfc918cf077a84c860aede7406888d7351eb355d5f283cf867c,True,957,1,ok
2024-07-02_memoria-de-reuniao-2a-reuniao-ordinaria-cefic,54cd823e364c1a41787d1ac3d0b8eaaa88efacbcaa3b05a6cc871062d1be1b35,True,2585,2,ok
2024-08-06_memoria-de-reuniao-3a-reuniao-ordinaria-cefic,9f549e0df42ab6a4a3bd84ea40167bf6d53442d0978ac147f677fb2655c1cc63,True,1868,2,ok
2024-08-20_memoria-de-reuniao-2a-reuniao-extraordinaria-cefic,337befdac560d11e495e52b0daf23a04fcba6a97b313615ff675785f0ec032f4,True,493,1,ok
2024-10-01_memoria-de-reuniao-4a-reuniao-cefic,29fddd927559005cd68c98c9c358df169f2d532556f41f9b37d5df8e5c051822,True,3256,2,ok
2024-12-03_memoria-de-reuniao-5a-reuniao-cefic,5844aff91eb58fa52398500e4d14172ca55a5f635eafe73f91d5dc62556ea7c5,True,3131,2,ok
2024-12-19_memoria-de-reuniao-3a-reuniao-extraordinaria-cefic,e38cad943462186e4ccb3d15923ee7bf2253c503baf59949886a9682a48c483b,True,4567,2,ok
2025.06.10MemriadaReunioCEFICFINAL,721cfe25485f141e7858fcbdb11cdf4647c6bece4b5b8134771f489731dc65dd,True,5048,2,ok
2025.07.10MemriadaReunioCEFIC_FINAL,5e96f796a3988c627f1eb1d220b9d0f06f40ad930942abf63dbcdea73a7ef288,True,4814,2,ok
2025.08.15MemriadaReunioCEFIC,b78691578efd503cd45ded5e332f223e119f84f39fb3471878399b58908f46c7,True,7541,3,ok
2025.09.09MemriadaReunioCEFIC,d07b164d3397829cd86ce992bca2d6ae9c816effeff28209b3d9299b55689ed4,True,6947,3,ok
2025.12.09MemriaCefic,eb8be57221da14d85c912f764fa825d93e2a5b4209b6a2e3871eba0bc7e30850,True,6733,3,ok
2025.12.16CEFICMemriadareunio,a738bc68a827d32c57931e0bc7e4a0c1cb0052c27a0edb21d5f6da5e9ae43702,True,1399,1,ok
2026-05-13-memoria-da-reuniao-cefic,1c178c2bfba2ae10507b2acd34a866de1fd77a3dd1ce69f9da49f9c800e120c1,True,5200,2,ok
2026-06-16-memoria-da-reuniao-cefic,54f086a8b72d685cacde6d0d10586cfa68414f46d75c994c820f5a724bb1b05f,True,3821,2,ok
2026.02.11CEFICMemriadareuniov2,5d10592032e3317f994c12756c7940b138856ee0150ae4e7ccb0f5e7cee00c5c,True,5842,3,ok
2026.02.26CEFICMemriadeReunioVirtual,ad4e0df74f22ce36d0d5f7e4b34003438e30b15b934558d6bf7e0de6c48be266,True,829,1,ok
2026.03.12MemriadaReunioCEFIC1,94f7701743a1623f24ebde3a39f3299d24fcc20d8a1686252a4a5bc242e61d2a,True,7417,3,ok
2026.04.16MemriadaReunioCEFIC1,062313a94d1bb3a004d442dc0752cc88e4041c9b0f22f24801ba84c2a466728c,True,5369,2,ok
2026.04.17MemriadaReunioVirtualCEFIC,43a75504e4e7d8703eec14a5541667b97b0e7518744777ac159ef821eb4807ca,True,1264,1,ok
2026.07.14MemriadaReunioCEFIC,cfedf1daf22b1c75f568c0d9bf3ecd67a7c7445f3ecc186d8c262d4a298b028f,True,3099,2,ok
2026.08.11MemriadaReunioCEFIC,4cb67732178460e90ae08ab2dc0ce16e77a15bdbd9bdca127db6bf08701bd9ae,True,2810,2,ok
2_reunicextra_cefic_21_08_2023,4d471d01fb7cf2f0694609ccf7ee051826dd680a0d26e80c2cb061e0f4433cd2,True,652,1,ok
3_reuniao_cefic_10_08_2023,c80ff89fa5adf277f70e486afd06930b42f911239aec3c8e7e4db11285fe5168,True,6801,4,ok
4___reuniao_CEFIC_11_10_2023,ed785d4eabf2e39992624b74033721837a92ea80ca27474fb9517befd49528d2,True,8038,5,ok
5_reuniao_cefic_2023_12_21,e0621f46007b1d314277d0b9548690d44aec88bb43a2e55580b2261aadcca00b,True,5634,3,ok
ABNT-NBR-17225-Acessibilidade-Digital,1c3ee66b7fd606367e3de087e6a55fea90f4d368d8a1f769141d5e3b96d32afc,True,137598,79,ok
ata2areuniaodacefic,64b3ae8b4ebd38cc2f8e03b62ad5e35d9a13ca0e788a9644559c0e266c3500ce,True,4711,3,ok
Ata3aReuCEFIC1,b85a1fa9732699d1e38aebe707475b3d5381e788fbcc4ea626f0913492f65b5a,True,3784,3,ok
Ata4aReu_CEFIC1,426d94ac18c9b5a7838a21a55ad3f9be0fa64335903918d546c48573d5a03323,True,4838,3,ok
Ata5aReu_CEFICv4,a464fe5be99f3c7243aee4018550bd9f09736d07ad1f324e1da359ab9894ce47,True,3820,3,ok
ATA8reudacefic11,f2ebb79ec2b343bb8d21a1a537c07a3dc901773ef4d31c89e694937ddc303692,True,5569,3,ok
ata_1_14mar22,a8987ff741005380b76abe77d1ea41b59e91b3a58026c25dd7c0f0cf2b7f7239,True,11260,5,ok
Atada6reuniaoCEFIC.v2,2f9a785afb46d572e3679cac455699cdb69a51c64b43f77c4a872b52e2de8343,True,3526,3,ok
Atada7reuniaoCEFIC.v2,b7c0cf02aa8fc71504588a592b75fa34b02ee6c2f40ff490d1786f03d8bec129,True,3176,2,ok
D10900,5432ef97d06d5bfc6df92ef1567bf7b94ca27979a4f72f0ded6ecf750ccd5839,True,21405,11,ok
D10977,9defea50b0ea99cfcd46f289fb75d333b6c3f0e43cffe768e210d8eb0db43bb9,True,20413,7,ok
D11429,784bdcef83fbd7b0ee35a3ac5d5c823433837c6b575962fc0f916d00e01ed499,True,4955,3,ok
D11797,abd8f16f4eff9aafa4d90796a54ac70224fcfa750ce463e2671403a4bb5733b8,True,17840,10,ok
Fluxo_CIN_V7,238e40d44195e28ed5598f2f103bf97f2b5ad6c8160249eb0c0a9f31301c24eb,True,0,1,sem camada de texto
L12527,7cec2f24b53d40fe50d3494c2cf2af267081218121d9f23ccb70d1eb034c7ae3,True,36836,13,ok
L13709,3bb0be0cbbcac3ece5c74653a1a7715a8dddcb9441b91432fe31580c4c467f57,True,92646,29,ok
L14534,7eaa9f887b81b8ad60a785b34b3b8a58273c41bad289439b71cf247570ca824c,True,5389,4,ok
L7116,5c6d07246adf08f363a3ec8b1628573dcfe54234b96b9ffc7aacc3f1cd019aa9,True,4928,3,ok
Memoria1aReuniaoCEFIC20250311v2,276e77fe541c898b7c695cddfd746ccc6c8dcb5612b144d61d6f61766969812f,True,6285,4,ok
Memoria2aReuniaoCEFIC20250422,e530239ebad5454d28647defc48d5e1d8d4f8ef4400766b8bd3c376b70e4deae,True,3753,3,ok
Memoria3aReuniaoCEFIC202505131,a6af9336cf01126688ac11a1022c43c723fbc479ff084a906e8e43a42c0b47fd,True,3439,2,ok
MICIN_VERSO_Enviada_PUBLICAO_RESOLUO_24.2025,20365454d31509ab052762a40f50cdef939858c6046bf116f3c471cb4348daae,True,30368,8,ok
Minuta_RIPD_SIC_GOV_BR1,486c8dc9cd8b9a4cb4e40226886abda8e361d60753c1e88fb2a2ed49345db78f,True,84622,58,ok
portaria-sgd_mgi-no-2-474_10_06_2026,1d344727ca86f85bba8fd0545941029d7ae0f1e5a915f33b863217aa56c58f80,True,1855,1,ok
Portaria_58050721_PORTARIA_SGD_MGI_N__1.120__DE_12_DE_FEVEREIRO_DE_202__36705b,2e9328ae9fe1b867218e94786901128ce9e211466b78e3e5ba78a2090372dd34,True,1579,1,ok
Portaria_58050795_PORTARIA_SGD_MGI_N__1.121__DE_12_DE_FEVEREIRO_DE_202__27ea5f,2e1d362a08dccde5018990a3c83ead70b3aa47fb5fe1b8c999cdf1c3263e5558,True,1545,1,ok
Portaria_58050936_PORTARIA_SGD_MGI_N__1.228__DE_12_DE_FEVEREIRO_DE_202__64f774,043de0f217fa07d2170b8413a808808662dc9f12b0df6a7e3b7c476e5493704a,True,1557,1,ok
PORTARIASGD10972,9f3ef40aa03adbc0e1f9e83c323b88f30a10512fcc1815b30119dcfc54ce3420,True,975,1,ok
PORTARIASGD4.987,c526778ec428c40e1c2a63518ad22c26f0a14d4ab94fa24278411fe7687d28c8,True,1697,1,ok
PORTARIASGD8296,56505b91fa25a0c10b16363b4dc2ff116ec17d052f3d738d6ae9d811fb137834,True,1853,1,ok
PORTARIASGD8297,4a10b2a9652acf211080ed42c68785f014f07ad473d7d9c667e9fe7fcd95ef83,True,2005,1,ok
PORTARIASGD8298,04d72edc88c2b71f58958dc3106b163bcef8c7d1fc59158a2470d0df450702c6,True,1874,1,ok
PORTARIASGD9367,d2b208b98f707f41091e9489746a6a98818eb848fad268b9e08826b1feb5feb2,True,955,1,ok
PORTARIASGD_MGIN2.975DE7DEABRILDE2026PORTARIASGD_MGIN2.975DE7DEABRILDE__0dc94f,a59754bd671e1272a79759043bc892c36fd7c30e43f6cf2d17bf4286689e1cf7,True,1910,1,ok
PORTARIASGD_MGIN3.193DE22DEABRILDE2026PORTARIASGD_MGIN3.193DE22DEABRIL__604812,31161ce5f6463081f2b47d740e098076f54c8d9e51786d05c794d43bab35ec9e,True,1752,1,ok
relatorio-de-visita-tecnica-casa-da-moeda,1a7dad77654034da5b4686d62577813ceaba4415402c5b2d0f6047801efd25e8,True,6103,15,ok
RelatorioVisitaTecnicaGraficasagosto,c93b473770bb35dd6045e9d7c65214560622e69aab1ce1d889273e73052c695c,True,13062,32,ok
res1,83e9d11b7f30ffb5245a547457f59fe042720d2900e43b5fa85e3a0b7ec7c69e,True,16453,7,ok
res10,e765d55e3a3e785ea705238bd1fcd643baa4e3b9f77f46532350436e4b4a8cca,True,17555,7,ok
res11,5e340f522ff86d875e184eab52e0fa164fdde178c212fb82eceb7fdf42fcc158,True,3745,2,ok
res12,61a5a9aff906d85b37c0411576c8fa4e9a726e2a4c522a34b22869ff1c2c4467,True,2600,1,ok
res13,e8a1dcb75ed858c146d1d45912bf993157928d645bc8b5ffac4abd219eadfe12,True,1813,1,ok
res14,88b111ce53d00cbf21a61a8a6a2b6ce7095f07dfc5176277695c2c59b21db064,True,2113,1,ok
res15,e288369bf4e69afb7ed9959dcd238b3ddf194a6dfb4965402582faf2143aefbb,True,2630,1,ok
res16,f3e7ade8647f05117052fba2995aee012ed6b00b3eb65fe82a4b69424141cfea,True,2846,2,ok
res17,fd796d043fbd9c37b516c2e3bc41fa147b067ed02de6efd1575a9ff950fcfba2,True,2664,1,ok
res18,672dca78b3c5a9471a8867c7d2cd47cb306388602ad7bac264405b72a9a7b044,True,3006,2,ok
res19,92dfc22657c09f7d4066e15e92b151695c2e37e2de93b3e332d19af0fb019afd,True,2969,2,ok
res2,d24b2549053eef3579cbeca1a4b4fcbe1fe07a99afe426bd50d995140af63046,True,3971,2,ok
res20,dfdb9d5fef55bcd0ca98e3bff83c09341b5eaf069e6fd7ac9bb76c3fff19c579,True,3612,11,ok
res21,55c99786cd6310946417ea1f9b5d510c041c6e1722fc9534d4c3af72894d5f4a,True,10741,5,ok
res22,99f012f1181dd88fe733dfe826c569165118bd7f3a0a77602085a945f332aacb,True,2882,1,ok
res23,0ae2d59cd1fa18e6810805b5c08b836fc98c50453a99f332eb18f73917432843,True,43526,23,ok
res24,5656ab4e70c45d9a0d4cae288f693471282213f8c912e5864db5ac4f6b94a2d0,True,39834,22,ok
res25,a67431046d3db06ad52906b0be2ec07be20a99880270b663aff27ce455a41c5f,True,2764,2,ok
res26,5721f15fa28da3cea64757d90158e3ec2d6cda6d24eaddda843e79e9382fb227,True,2856,2,ok
res27,526e128487ce13107d72e3c332b45b005e4feca74507bc5f2ea87049aa59f082,True,2924,2,ok
res28,e10c748fb8e0f5070658531d81b32af487129c4d50dfa83095960af20e5a5a11,True,1931,1,ok
res29,5e9926a0d325309e8d4b97ff206975619072b56e5abb469418dae0bcf773ea20,True,2699,1,ok
res30,956ade6cc4fb5e2d4c0218b2d93319ecccde3e46cf713e039a9bca1ff1803a36,True,3512,2,ok
res31,317725b3259a4d12df86817ad7748279205d4dcd926d604eccfc70c42902d5bc,True,2788,2,ok
res4,a848adf349b7e32549da77418b07a8075cb2bf8e4bfdefba25be66921ab5f39b,True,10900,5,ok
res5,57cb73fcb8bca71accc008f6ac1ff2ac98272ee8251a657269d3c2fb6a803687,True,1451,1,ok
res6,0b8a5309458bde05a5ea5d0b9eee2b9c48393d285f8601fa1709302382dc13cf,True,3864,2,ok
res7,de6717aa8f6ce8b977fd1fa053944aaed3678b5b190aa6e2a88fd31ed6306327,True,3426,2,ok
res8,9239e7941a595509e438afa5b1cb800615e36a7c01477a2eed793e3350c31e35,True,3550,2,ok
res9,d5be1b94db1df2b33026e0a7808c938b9663e1ef33256a5c06512a8bd75ae949,True,4062,2,ok
resolucao-no-32_03_06_2026,3d174c3d8255fc70d5279ee15ac0bb63bdfdf8357299474b288ade63ff6676c5,True,5983,4,ok
resolucao-no-33_03_06_2026,0865b6851a450b7700725b7e8fa7388ff61711fba3ac14f7155805ac0ebbaa41,True,1925,2,ok
resolucao_n__3__de_13_de_junho_de_2022,6590b8807af4257f64fc1c1a6ff08cf1c8f3b65bde410df05ca70c5f3a60c836,True,1442,1,ok
ret_res24,09afba94028510ec9e604dacc61e2d09fdd1a12a8519d19e552e911f51083536,True,856,1,ok
retificacao___retificacao___dou___imprensa_nacional,5582b38e800fd1cc25554afb5b953e1f1f89b2e9dd730814fdcd7fcb5f8eb857,True,543,1,ok
visita-tecnica-2023-3,9eb091eb4009ed9d5832ceb056b91a62306a763417ffacab8a98fbd54170f453,True,8215,23,ok
