arquivo,sha12,paginas,duplicatas,bytes,primeira_linha
PORTARIASGD10972,9f3ef40aa03a,1,,159537,"DIÁRIO OFICIAL DA UNIÃO Publicado em: 23/09/2024 | Edição: 184 | Seção: 2 | Página: 49 Órgão: Ministério da Gestão e da Inovação em Serviços Públicos/Secretaria de Governo Digital PORTARIA DE PESSOAL SGD/MGI Nº 10.972, DE 18 DE SETEMBRO DE 2024 O SECRETÁRIO DE GOVERNO DIGITAL DO MINISTÉRIO DA GESTÃO"
PORTARIASGD4.987,c526778ec428,1,,159807,"DIÁRIO OFICIAL DA UNIÃO Publicado em: 20/08/2024 | Edição: 160 | Seção: 2 | Página: 37 Órgão: Ministério da Gestão e da Inovação em Serviços Públicos/Secretaria de Governo Digital PORTARIA DE PESSOAL SGD/MGI Nº 4.987, DE 16 DE AGOSTO DE 2024 A SECRETÁRIA DE GOVERNO DIGITAL SUBSTITUTA DO MINISTÉRIO D"
PORTARIASGD8296,56505b91fa25,1,,157185,"DIÁRIO OFICIAL DA UNIÃO Publicado em: 01/10/2025 | Edição: 187 | Seção: 2 | Página: 70 Órgão: Ministério da Gestão e da Inovação em Serviços Públicos/Secretaria de Governo Digital PORTARIA SGD/MGI Nº 8.296, DE 29 DE SETEMBRO DE 2025 O SECRETÁRIO DE GOVERNO DIGITAL DO MINISTÉRIO DA GESTÃO E DA INOVAÇ"
PORTARIASGD8297,4a10b2a9652a,1,,124037,"DIÁRIO OFICIAL DA UNIÃO Publicado em: 01/10/2025 | Edição: 187 | Seção: 2 | Página: 70 Órgão: Ministério da Gestão e da Inovação em Serviços Públicos/Secretaria de Governo Digital PORTARIA SGD/MGI Nº 8.297, DE 29 DE SETEMBRO DE 2025 O SECRETÁRIO DE GOVERNO DIGITAL DO MINISTÉRIO DA GESTÃO E DA INOVAÇ"
PORTARIASGD8298,04d72edc88c2,1,,157102,"DIÁRIO OFICIAL DA UNIÃO Publicado em: 01/10/2025 | Edição: 187 | Seção: 2 | Página: 70 Órgão: Ministério da Gestão e da Inovação em Serviços Públicos/Secretaria de Governo Digital PORTARIA SGD/MGI Nº 8.298, DE 29 DE SETEMBRO DE 2025 O SECRETÁRIO DE GOVERNO DIGITAL DO MINISTÉRIO DA GESTÃO E DA INOVAÇ"
PORTARIASGD9367,d2b208b98f70,1,,168600,"DIÁRIO OFICIAL DA UNIÃO Publicado em: 13/12/2024 | Edição: 240 | Seção: 2 | Página: 2 Órgão: Presidência da República/Casa Civil/Câmara-Executiva Federal de Identiﬁcação do Cidadão PORTARIA DE PESSOAL SGD/MGI Nº 9.367, DE 11 DE DEZEMBRO DE 2024 O SECRETÁRIO-EXECUTIVO DA CÂMARA-EXECUTIVA FEDERAL DE I"
PORTARIASGD_MGIN2.975DE7DEABRILDE2026PORTARIASGD_MGIN2.975DE7DEABRILDE2026DOUImprensaNacional,a59754bd671e,1,,143629,"DIÁRIO OFICIAL DA UNIÃO Publicado em: 08/04/2026 | Edição: 66 | Seção: 2 | Página: 3 Órgão: Presidência da República/Casa Civil/Câmara-Executiva Federal de Identiﬁcação do Cidadão PORTARIA SGD/MGI Nº 2.975, DE 7 DE ABRIL DE 2026 Altera a Portaria SGD/MGI nº 4.987, de 16 de agosto de 2024, que design"
PORTARIASGD_MGIN3.193DE22DEABRILDE2026PORTARIASGD_MGIN3.193DE22DEABRILDE2026DOUImprensaNacional,31161ce5f646,1,,159749,"DIÁRIO OFICIAL DA UNIÃO Publicado em: 24/04/2026 | Edição: 76 | Seção: 2 | Página: 44 Órgão: Ministério da Gestão e da Inovação em Serviços Públicos/Secretaria de Governo Digital PORTARIA SGD/MGI Nº 3.193, DE 22 DE ABRIL DE 2026 O SECRETÁRIO DE GOVERNO DIGITAL DO MINISTÉRIO DA GESTÃO E DA INOVAÇÃO E"
Portaria_58050721_PORTARIA_SGD_MGI_N__1.120__DE_12_DE_FEVEREIRO_DE_2026___PORTARIA_SGD_MGI_N__1.120__DE_12_DE_FEVEREIRO_DE_2026___DOU___Imprensa_Nacional,2e9328ae9fe1,1,,116277,"DIÁRIO OFICIAL DA UNIÃO Publicado em: 18/02/2026 | Edição: 32 | Seção: 2 | Página: 47 Órgão: Ministério da Gestão e da Inovação em Serviços Públicos/Secretaria de Governo Digital PORTARIA SGD/MGI Nº 1.120, DE 12 DE FEVEREIRO DE 2026 O SECRETÁRIO DE GOVERNO DIGITAL DO MINISTÉRIO DA GESTÃO E DA INOVAÇ"
Portaria_58050795_PORTARIA_SGD_MGI_N__1.121__DE_12_DE_FEVEREIRO_DE_2026___PORTARIA_SGD_MGI_N__1.121__DE_12_DE_FEVEREIRO_DE_2026___DOU___Imprensa_Nacional,2e1d362a08dc,1,,98972,"DIÁRIO OFICIAL DA UNIÃO Publicado em: 18/02/2026 | Edição: 32 | Seção: 2 | Página: 47 Órgão: Ministério da Gestão e da Inovação em Serviços Públicos/Secretaria de Governo Digital PORTARIA SGD/MGI Nº 1.121, DE 12 DE FEVEREIRO DE 2026 O SECRETÁRIO DE GOVERNO DIGITAL DO MINISTÉRIO DA GESTÃO E DA INOVAÇ"
Portaria_58050936_PORTARIA_SGD_MGI_N__1.228__DE_12_DE_FEVEREIRO_DE_2026___PORTARIA_SGD_MGI_N__1.228__DE_12_DE_FEVEREIRO_DE_2026___DOU___Imprensa_Nacional,043de0f217fa,1,,116271,"DIÁRIO OFICIAL DA UNIÃO Publicado em: 18/02/2026 | Edição: 32 | Seção: 2 | Página: 47 Órgão: Ministério da Gestão e da Inovação em Serviços Públicos/Secretaria de Governo Digital PORTARIA SGD/MGI Nº 1.228, DE 12 DE FEVEREIRO DE 2026 O SECRETÁRIO DE GOVERNO DIGITAL DO MINISTÉRIO DA GESTÃO E DA INOVAÇ"
portaria-sgd_mgi-no-2-474_10_06_2026,1d344727ca86,1,,97920,"DIÁRIO OFICIAL DA UNIÃO Publicado em: 15/06/2026 | Edição: 109 | Seção: 2 | Página: 62 Órgão: Ministério da Gestão e da Inovação em Serviços Públicos/Secretaria de Governo Digital PORTARIA SGD/MGI Nº 2.474, DE 10 DE JUNHO DE 2026 O SECRETÁRIO DE GOVERNO DIGITAL DO MINISTÉRIO DA GESTÃO E DA INOVAÇÃO "
