tipo,numero,data,ementa,publicacao_dou,edicao_dou,secao_dou,pagina_dou,signatario,arquivo
resolução,1,24/03/2022,Regimento Interno da Câmara-Executiva Federal de Identificação do Cidadão.,01/04/2022,63,1,25,EDUARDO GOMES DA SILVA,res1
resolução,2,02/06/2022,Credenciamento Provisório da Câmara-Executiva Federal de Identificação do Cidadão.,03/06/2022,105,1,6,EDUARDO GOMES DA SILVA,res2
resolução,3,13/06/2022,"Fluxograma da expedição da Carteira de Identidade Nacional, aplicado às Unidades da Federação, pertencentes ao Projeto Piloto.",15/06/2022,113,1,7,EDUARDO GOMES DA SILVA,resolucao_n__3__de_13_de_junho_de_2022
resolução,4,07/06/2022,Parametrização técnica do Serviço de Identificação do Cidadão.,15/06/2022,113,1,8,EDUARDO GOMES DA SILVA,res4
resolução,5,11/08/2022,Regulamenta a opção da pessoa natural pelo modelo físico em cartão de policarbonato.,15/08/2022,154,1,3,EDUARDO GOMES DA SILVA,res5
resolução,6,13/10/2022,"Altera o art. 7º, da Resolução nº 4, de 7 de junho de 2022 e dá outras providências.",14/10/2022,196,1,5,EDUARDO GOMES DA SILVA,res6
resolução,7,13/10/2022,Institui grupo de trabalho técnico destinado à elaboração de Protocolo de Divergências no âmbito do Sistema de Identificação do Cidadão como proposição de ações destinadas ao processo de emissão da Carteira de Identidade Nacional (CIN) e de atualização das bases.,14/10/2022,196,1,5,EDUARDO GOMES DA SILVA,res7
resolução,8,13/10/2022,Institui grupo de trabalho técnico para realização de diagnóstico e proposição de ações destinadas ao fortalecimento do processo de emissão da Carteira de Identidade Nacional (CIN).,14/10/2022,196,1,5,EDUARDO GOMES DA SILVA,res8
resolução,9,07/11/2022,"Altera o art. 7º, da Resolução nº 4, de 7 de junho de 2022 e dá outras providências.",17/11/2022,216,1,13,EDUARDO GOMES DA SILVA,res9
resolução,10,06/04/2023,"Revoga a Resolução nº 1, de 24 de março de 2023 e aprova o Regimento Interno da Câmara-Executiva Federal de Identificação do Cidadão-CEFIC.",14/04/2023,72,1,1,PEDRO HELENA PONTUAL MACHADO,res10
resolução,11,06/04/2023,"Institui Grupo de Trabalho Técnico para apresentar Minuta de alteração do Decreto nº 10.977, de 23 de fevereiro de 2022, quanto à disposição dos campos ""sexo"" e ""nome social"" na Carteira de Identidade Nacional.",10/04/2023,68,1,4,PEDRO HELENA PONTUAL MACHADO,res11
resolução,12,28/07/2023,"Institui Grupo de Trabalho Técnico para debater questões técnicas, analisar e propor soluções no âmbito do Serviço de Identificação do Cidadão.",02/08/2023,146,1,55,ROGÉRIO SOUZA MASCARENHAS,res12
resolução,13,28/07/2023,"Dispõe sobre o procedimento e a forma de acesso à base do Cadastro de Pessoas Físicas da Secretaria Especial da Receita Federal do Brasil do Ministério da Fazenda, no âmbito de expedição da Carteira de Identidade de que trata a Lei nº 7.116, de 29 de agosto de 1983.",02/08/2023,146,1,56,ROGÉRIO SOUZA MASCARENHAS,res13
resolução,14,21/08/2023,"Altera o art. 2º, da Resolução nº 13, de 28 de julho de 2023 e dá outras providências.",23/08/2023,161,1,43,EDUARDO MAGALHÃES DE LACERDA FILHO,res14
resolução,15,01/11/2023,"Altera o art. 2º, da Resolução nº 9, de 7 de novembro de 2022 e dá outras providências.",06/11/2023,210,1,34,ROGÉRIO SOUZA MASCARENHAS,res15
resolução,16,22/01/2024,Institui Grupo de Trabalho Técnico para apresentar proposta de ações para aumentar e fortalecer a segurança da emissão da Carteira de Identidade Nacional.,26/01/2024,19,1,36,ROGÉRIO SOUZA MASCARENHAS,res16
resolução,17,04/06/2024,"Institui Grupo de Trabalho Técnico 01 para elaborar planejamento estruturado, monitorar atividades e subsidiar decisões da CEFIC.",07/06/2024,108,1,50,ROGÉRIO SOUZA MASCARENHAS,res17
resolução,18,04/06/2024,Institui Grupo de Trabalho Técnico 02 para acompanhamento e monitoramento do processo emissão da Carteira de Identidade Nacional junto às unidades federativas.,07/06/2024,108,1,50,ROGÉRIO SOUZA MASCARENHAS,res18
resolução,19,04/06/2024,"Institui Grupo de Trabalho Técnico 03 para acompanhamento, alinhamento e compartilhamento dos desenvolvimentos técnicos dos diferentes órgãos integradores e envolvidos na emissão da CIN e integrantes do Serviço de Identificação Civil.",06/06/2024,107,1,52,ROGÉRIO SOUZA MASCARENHAS,res19
resolução,20,09/09/2024,"Institui o Modelo Informacional da Carteira de Identidade Nacional, no âmbito dos órgãos de identificação civil dos Estados e do Distrito Federal e dos órgãos federais executores do Serviço de Identificação do Cidadão.",20/09/2024,183,1,5,ROGÉRIO SOUZA MASCARENHAS,res20
resolução,21,06/02/2025,"Institui o Serviço Biométrico Federal para identificar e verificar biometricamente os requerentes da Carteira de Identidade Nacional-CIN e dispõe sobre o Fluxograma da expedição da CIN, aplicado às Unidades da Federação e ao Governo Federal, em conformidade com o Serviço Biométrico Federal.",13/02/2025,31,1,5,PEDRO HELENA PONTUAL MACHADO,res21
retificação,21,06/02/2025,Retificação da Resolução nº 21,14/02/2025,32,1,1,,retificacao___retificacao___dou___imprensa_nacional
resolução,22,05/05/2025,"Altera o Anexo I da Resolução nº 21, de 6 de fevereiro de 2025, da Câmara Executiva Federal de Identificação do Cidadão - CEFIC, que institui o Serviço Biométrico Federal para identificar e verificar biometricamente os requerentes da Carteira de Identidade Nacional - CIN e dispõe sobre o fluxograma da expedição da CIN, aplicado às Unidades da Federação e ao Governo Federal, em conformidade com o Serviço Biométrico Federal.",08/05/2025,85,1,1,PEDRO HELENA PONTUAL MACHADO,res22
resolução,23,05/05/2025,"Altera a Resolução nº 20, de 9 de setembro de 2024, da Câmara Executiva Federal de Identificação do Cidadão - CEFIC, que institui o Modelo Informacional da Carteira de Identidade Nacional, no âmbito dos órgãos de identificação civil dos Estados e do Distrito Federal e dos órgãos federais executores do Serviço de Identificação do Cidadão, e dá outras providências.",09/05/2025,86,1,3,PEDRO HELENA PONTUAL MACHADO,res23
resolução,24,08/09/2025,"Institui o Modelo Informacional da Carteira de Identidade Nacional - MI-CIN, no âmbito dos Órgãos de Identificação Civil - OICs das unidades federativas e dos órgãos federais executores do Serviço de Identificação do Cidadão - SIC; Revoga o art. 2º da Resolução nº 9, de 7 de novembro de 2022, Câmara Executiva Federal de Identificação do Cidadão - Cefic, a Resolução nº 20, de 9 de setembro de 2024, da Cefic, a Resolução nº 23, de 5 de maio de 2025, da Cefic.",15/09/2025,175,1,5,PEDRO HELENA PONTUAL MACHADO,res24
retificação,24,08/09/2025,Retificação da Resolução nº 24,01/10/2025,187,1,7,,ret_res24
resolução,25,08/09/2025,"Institui e define a composição e as atribuições do Grupo de Trabalho Técnico 1 (GTT 1), para elaborar o planejamento das ações da Câmara-Executiva Federal de Identificação do Cidadão - Cefic.",15/09/2025,175,1,15,PEDRO HELENA PONTUAL MACHADO,res25
resolução,26,08/09/2025,"Institui o Grupo de Trabalho Técnico 2 (GTT 2), para acompanhar e aprimorar o processo de emissão da Carteira de Identidade Nacional, no âmbito dos Órgãos de Identificação Civil das unidades federativas.",15/09/2025,175,1,15,PEDRO HELENA PONTUAL MACHADO,res26
resolução,27,08/09/2025,"Institui Grupo de Trabalho Técnico 3 (GTT 3), para acompanhar e propor ações de aprimoramento técnico dos procedimentos e operações do processo de emissão da Carteira de Identidade Nacional - CIN, no âmbito do Serviço de Identificação do Cidadão - SIC e de demais órgãos federais envolvidos.",15/09/2025,175,1,15,PEDRO HELENA PONTUAL MACHADO,res27
resolução,28,08/09/2025,Dispõe sobre o procedimento para reimpressão da Carteira de Identidade Nacional - CIN.,15/09/2025,175,1,16,PEDRO HELENA PONTUAL MACHADO,res28
resolução,29,02/02/2026,"Dispõe sobre a aprovação do Protocolo de Divergências, que orientará os procedimentos para tratamento das divergências verificadas no âmbito da emissão da Carteira de Identidade Nacional - CIN, no domínio do Serviço Biométrico Federal - SBF.",10/02/2026,28,1,1,PEDRO HELENA PONTUAL MACHADO,res29
resolução,30,02/02/2026,Institui o Serviço de Controle do Fluxo de Emissão da Carteira de Identidade Nacional - SCF-CIN.,10/02/2026,28,1,2,PEDRO HELENA PONTUAL MACHADO,res30
resolução,31,16/03/2026,"Institui e define a composição e as atribuições do Grupo de Trabalho Técnico 1 (GTT 1), para elaborar planejamento estruturado, monitorar atividades e subsidiar decisões da Câmara-Executiva Federal de Identificação do Cidadão - Cefic.",19/03/2026,53,1,2,PEDRO HELENA PONTUAL MACHADO,res31
resolução,32,03/06/2026,"Dispõe sobre o cancelamento da Carteira de Identidade Nacional, emitida ou em processo de emissão, no âmbito dos Órgãos de Identificação Civil das unidades federativas e dos órgãos federais executores do Serviço de Identificação do Cidadão.",15/06/2026,109,1,2,PEDRO HELENA PONTUAL MACHADO,resolucao-no-32_03_06_2026
resolução,33,03/06/2026,Institui o Plano de Implantação do Serviço Biométrico Federal e define data de adoção do Fluxograma de expedição da Carteira de Identidade Nacional.,15/06/2026,109,1,3,PEDRO HELENA PONTUAL MACHADO,resolucao-no-33_03_06_2026
