familia,arquivo,pagina,trecho
graficas,1-reunic-ordinaria-15_05_2024,3,a o setembro credenciamento de institui es p blicas e empresas privadas para atuarem como gr ficas da cin outubro regras de captura/coleta e armazenamento de dados biom tricos para a cin a
graficas,2024-05-15-memoria-1a-reuniao-ordinaria-cefic1-1,3,identifica o credenciamento de institui es p blicas e empresas privadas para atuarem como gr ficas da cin regras de captura/coleta e armazenamento de dados biom tricos para a cin auditoria
interoperabilidade,2024-08-06_memoria-de-reuniao-3a-reuniao-ordinaria-cefic,2,informa es de sa de do mi podem ser coletadas/checadas pelos sistemas do sus por meio da interoperabilidade. o objetivo a padroniza o das informa es e n o dos sistemas de informa es. 7. enca
graficas,2024-08-06_memoria-de-reuniao-3a-reuniao-ordinaria-cefic,1,medida provis ria ou projeto de lei para lei 14.534/23. v. resolu o de credenciamento de gr ficas para nov/24. vi. apresenta o da proje o de cin com investimento de 285 milh es de reais.
interoperabilidade,2024-12-03_memoria-de-reuniao-5a-reuniao-cefic,2,sem passar pelo processo de legislativo para prorroga o do prazo. diagn stico das bases e interoperabilidade ser apresentado na pr xima reuni o. mjsp apresentou o aplicativo para leitura do q
soberania,2025.08.15MemriadaReunioCEFIC,2,dr es t cnicos por parte de alguns institutos emissores. tamb m foi debatida a quest o da soberania digital da base de dados sugerindo se sua migra o para armazenamento em territ rio naci
territorio_nacional,2025.08.15MemriadaReunioCEFIC,2,st o da soberania digital da base de dados sugerindo se sua migra o para armazenamento em territ rio nacional. ficou acordado o agendamento de reuni o espec fica para avalia o t cnica da base biom tr
fomento,2025.08.15MemriadaReunioCEFIC,3,o reiterou se que o foco deve ser a apresenta o da cin sociedade. quanto capacita o e ao fomento pesquisa foram mencionadas visitas t cnicas realizadas a diversos institutos emissores. s
graficas,2025.08.15MemriadaReunioCEFIC,3,o credenciamento definitivo das gr ficas permanece previsto para dezembro com in cio das opera es em 2026. foi relatado um problem
graficas,2025.08.15MemriadaReunioCEFIC,3,r tica das grandes ind strias. apontou se a necessidade de respaldo legal para que apenas gr ficas credenciadas possam emitir a cin. no tocante comunica o reiterou se que o foco deve ser a
multifornecedor_segundo_motor,2026-05-13-memoria-da-reuniao-cefic,2,ermos de compromisso com outros estados est o sendo realizadas . informou se tamb m que o segundo motor est sendo adquirido para deduplica o da base e disponibiliza o do sistema aos estados. de
fomento,2026-05-13-memoria-da-reuniao-cefic,2,om a apresenta o dos informes gerais. foram destacados os avan os do programa nacional de fomento gest o e emiss o da carteira de identidade nacional procin por meio da efetiva o do repas
policiafederal_aditivo,2026.02.11CEFICMemriadareuniov2,2,inado em 2021 vencer em mar o de 2026 e a proposta prorrogar por mais cinco anos. o termo aditivo apresenta as seguintes altera es a a titularidade dos part cipes de secretaria geral da p
graficas,2026.02.11CEFICMemriadareuniov2,2,ios ajustes e portanto com o cronograma ainda em discuss o . credenciamento definitivo de gr ficas e personalizadoras previs o de delibera o da resolu o na cefic em junho de 2026 . prote o
graficas,2026.02.11CEFICMemriadareuniov2,2,is o de recep o no fluxo em maio e do legado em julho de 2026. auditoria e fiscaliza o de gr ficas e pe rsonalizadoras previs o da delibera o da resolu o em novembro de 2026. ajustes na in
policiafederal_aditivo,2026.02.11MemriadaReunioCEFIC,2,inado em 2021 vencer em mar o de 2026 e a proposta prorrogar por mais cinco anos. o termo aditivo apresenta as seguintes altera es a a titularidade dos part cipes de secretaria geral da p
graficas,2026.02.11MemriadaReunioCEFIC,2,rios ajustes e portanto com o cronograma ainda em discuss o. credenciamento definitivo de gr ficas e personalizadoras previs o de delibera o da resolu o na cefic em junho de 2026. prote o
graficas,2026.02.11MemriadaReunioCEFIC,2,is o de recep o no fluxo em maio e do legado em julho de 2026. auditoria e fiscaliza o de gr ficas e pe rsonalizadoras previs o da delibera o da resolu o em novembro de 2026. ajustes na in
graficas,2026.03.12MemriadaReunioCEFIC,2,gas. a casa civil far uma reuni o com o minist rio da sa de. credenciamento definitivo de gr ficas e personalizadoras previs o de realiza o de consulta p blica em abril de 2026 e delibera
graficas,2026.03.12MemriadaReunioCEFIC,2,com os novos gestores do mjsp para alinhamento de cronograma. auditoria e fiscaliza o de gr ficas e personalizadoras comentou se que devem ser analisadas as op es de fiscaliza o que ser o
graficas,2026.03.12MemriadaReunioCEFIC,2,e que devem ser analisadas as op es de fiscaliza o que ser o realizadas nos estados e nas gr ficas considerando o mbito de compet ncia o objeto e as particularidades das auditorias. o tema
graficas,2026.03.12MemriadaReunioCEFIC1,2,gas. a casa civil far uma reuni o com o minist rio da sa de. credenciamento definitivo de gr ficas e personalizadoras previs o de realiza o de consulta p blica em abril de 2026 e delibera
graficas,2026.03.12MemriadaReunioCEFIC1,2,com os novos gestores do mjsp para alinhamento de cronograma. auditoria e fiscaliza o de gr ficas e personalizadoras comentou se que devem ser analisadas as op es de fiscaliza o que ser o
graficas,2026.03.12MemriadaReunioCEFIC1,2,e que devem ser analisadas as op es de fiscaliza o que ser o realizadas nos estados e nas gr ficas considerando o mbito de compet ncia o objeto e as particularidades das auditorias. o tema
graficas,2026.08.11MemriadaReunioCEFIC,2,do vivo dnv e declara o de bito do com os sistemas federais. credenciamento definitivo de gr ficas e personalizadoras a minuta da resolu o est em an lise jur dica no iti. com rela o aos in
graficas,4___reuniao_CEFIC_11_10_2023,4,do gov federal devido falta de estrutura n o poss vel realizar a fiscaliza o controle das gr ficas previstos em decreto. necess rio apresentar uma proposta de estrutura para dar conta dess
territorio_nacional,ata2areuniaodacefic,2,ma comunica o com os pa ses do mercosul para comunicar quais documentos est o em vigor no territ rio nacional para reconhecimento de documento de viagem. 4.9. o sr eduardo lacerda sugeriu pf aditivar
policiafederal_aditivo,ata2areuniaodacefic,2,nacional para reconhecimento de documento de viagem. 4.9. o sr eduardo lacerda sugeriu pf aditivar o contrato para a base do abis tenha pelo menos 100 milh es de registros.
graficas,Ata3aReuCEFIC1,3,cnico da cefic a possibilidade de ser feita uma resolu o sobre credenciamento de empresas gr ficas exigindo que essas empresas apresentem requisitos m nimos para que possam participar de p
interoperabilidade,ATA8reudacefic11,2,ca o do cidad o e a possibilidade de higieniza o dos bancos de dados p blicos por meio da interoperabilidade da base de dados da cin com as bases de dados cadastros dos minist rios h grande i
graficas,ATA8reudacefic11,2,cantins sergipe amap e par n o tem de sistemas informatizados de coletas biom tricas e biogr ficas por esse motivo eles devem iniciar a emiss o da cin somente em mar o de 2023 e os de mais
graficas,ATA8reudacefic11,3,mpletude dos exames de verifica o dos espelhos das carteiras de identidade enviadas pelas gr ficas a pedido da pf ser realizado uma visita t cnica nas gr ficas que foram credenciadas provi
graficas,ATA8reudacefic11,3,de identidade enviadas pelas gr ficas a pedido da pf ser realizado uma visita t cnica nas gr ficas que foram credenciadas provisoriamente a fim de verificar a conformidade dos elementos de
interoperabilidade,copy2_of_Memoria1aReuniaoCEFIC20250311v2,2,iadas alternativas de est mulo aos estados para realiza o de ajustes em seus sistemas com interoperabilidade com o b cadastro para possibilitar a inscri o e altera o de cpf tais como tratativ
interoperabilidade,copy2_of_Memoria1aReuniaoCEFIC20250311v2,2,quanto identifica o de dificuldades e limita es administrativas contratuais e financeiras interoperabilidade dos sistemas. foi apresentada pelo mjsp uma planilha de dados do fundo nacional de
bancos,copy2_of_Memoria1aReuniaoCEFIC20250311v2,2,b cadastro para possibilitar a inscri o e altera o de cpf tais como tratativas com a rede banc ria setor terci rio febraban serasa e outros atores importantes. o colegiado sugere um a art
bancos,copy2_of_Memoria1aReuniaoCEFIC20250311v2,2,tar a inscri o e altera o de cpf tais como tratativas com a rede banc ria setor terci rio febraban serasa e outros atores importantes. o colegiado sugere um a articula o e diagn stico dos
bancos,copy2_of_Memoria1aReuniaoCEFIC20250311v2,2,cri o e altera o de cpf tais como tratativas com a rede banc ria setor terci rio febraban serasa e outros atores importantes. o colegiado sugere um a articula o e diagn stico dos estados
bancos,copy2_of_Memoria1aReuniaoCEFIC20250311v2,3,e emiss o da cin e para o cidad o uma identifica o mais segura . destaca se que o sistema banc rio tem interesse na evolu o do projeto e futuras integra es. nesse sentido foi recomendada
bancos,copy2_of_Memoria1aReuniaoCEFIC20250311v2,3,uturas integra es. nesse sentido foi recomendada a inclus o do t pico de articula o com a febraban no cronograma. 5. encaminhamentos 5.1. a proposta do planejamento cefic para 2025 ser env
graficas,copy2_of_Memoria1aReuniaoCEFIC20250311v2,3,l sbf na pr xima reuni o da cefic ser apresentada uma minuta do plano de implementa o api gr ficas motor biom trico abis integra o pcin x sbp pcin receber cin vindas do sbf e integra o com
territorio_nacional,copy_of_ata2areuniaodacefic,2,ma comunica o com os pa ses do mercosul para comunicar quais documentos est o em vigor no territ rio nacional para reconhecimento de documento de viagem. 4.9. o sr eduardo lacerda sugeriu pf aditivar
policiafederal_aditivo,copy_of_ata2areuniaodacefic,2,nacional para reconhecimento de documento de viagem. 4.9. o sr eduardo lacerda sugeriu pf aditivar o contrato para a base do abis tenha pelo menos 100 milh es de registros.
graficas,copy_of_Ata3aReuCEFIC1,3,cnico da cefic a possibilidade de ser feita uma resolu o sobre credenciamento de empresas gr ficas exigindo que essas empresas apresentem requisitos m nimos para que possam participar de p
interoperabilidade,copy_of_ATA8reudacefic11,2,ca o do cidad o e a possibilidade de higieniza o dos bancos de dados p blicos por meio da interoperabilidade da base de dados da cin com as bases de dados cadastros dos minist rios h grande i
graficas,copy_of_ATA8reudacefic11,2,cantins sergipe amap e par n o tem de sistemas informatizados de coletas biom tricas e biogr ficas por esse motivo eles devem iniciar a emiss o da cin somente em mar o de 2023 e os de mais
graficas,copy_of_ATA8reudacefic11,3,mpletude dos exames de verifica o dos espelhos das carteiras de identidade enviadas pelas gr ficas a pedido da pf ser realizado uma visita t cnica nas gr ficas que foram credenciadas provi
graficas,copy_of_ATA8reudacefic11,3,de identidade enviadas pelas gr ficas a pedido da pf ser realizado uma visita t cnica nas gr ficas que foram credenciadas provisoriamente a fim de verificar a conformidade dos elementos de
interoperabilidade,copy_of_D10900,2,709 de 14 de agosto de 2018 na prote o e na limita o do acesso a dados pessoais. art. 5 a interoperabilidade com a base de dados da identidade civil nacional icn de que trata a lei n 13.444 d
interoperabilidade,copy_of_D10900,3,fica o dos estados e do distrito federal. 2 o n mero do cpf ser utilizado como chave para interoperabilidade das bases biom tricas. cap tulo iii da governan a se o i da c mara executiva feder
interoperabilidade,copy_of_D10900,4,nclu do pelo decreto n 10.977 de 2022 vig ncia b os requisitos de seguran a integridade e interoperabilidade inclu do pelo decreto n 10.977 de 2022 vig ncia c os padr es biom tricos a serem u
interoperabilidade,copy_of_D10900,8,nta de avalia o da satisfa o dos usu rios da plataforma gov.br vii adotar o barramento de interoperabilidade da plataforma gov.br para integra o dos sistemas e das bases de dados dos rg os e
interoperabilidade,copy_of_D10900,8,................... i atender aos requisitos de seguran a integridade validade jur dica e interoperabilidade nos termos previstos nas normas editadas pela cefic e ............................
interoperabilidade,copy_of_Memoria1aReuniaoCEFIC20250311v2,2,iadas alternativas de est mulo aos estados para realiza o de ajustes em seus sistemas com interoperabilidade com o b cadastro para possibilitar a inscri o e altera o de cpf tais como tratativ
interoperabilidade,copy_of_Memoria1aReuniaoCEFIC20250311v2,2,quanto identifica o de dificuldades e limita es administrativas contratuais e financeiras interoperabilidade dos sistemas. foi apresentada pelo mjsp uma planilha de dados do fundo nacional de
bancos,copy_of_Memoria1aReuniaoCEFIC20250311v2,2,b cadastro para possibilitar a inscri o e altera o de cpf tais como tratativas com a rede banc ria setor terci rio febraban serasa e outros atores importantes. o colegiado sugere um a art
bancos,copy_of_Memoria1aReuniaoCEFIC20250311v2,2,tar a inscri o e altera o de cpf tais como tratativas com a rede banc ria setor terci rio febraban serasa e outros atores importantes. o colegiado sugere um a articula o e diagn stico dos
bancos,copy_of_Memoria1aReuniaoCEFIC20250311v2,2,cri o e altera o de cpf tais como tratativas com a rede banc ria setor terci rio febraban serasa e outros atores importantes. o colegiado sugere um a articula o e diagn stico dos estados
bancos,copy_of_Memoria1aReuniaoCEFIC20250311v2,3,e emiss o da cin e para o cidad o uma identifica o mais segura . destaca se que o sistema banc rio tem interesse na evolu o do projeto e futuras integra es. nesse sentido foi recomendada
bancos,copy_of_Memoria1aReuniaoCEFIC20250311v2,3,uturas integra es. nesse sentido foi recomendada a inclus o do t pico de articula o com a febraban no cronograma. 5. encaminhamentos 5.1. a proposta do planejamento cefic para 2025 ser env
graficas,copy_of_Memoria1aReuniaoCEFIC20250311v2,3,l sbf na pr xima reuni o da cefic ser apresentada uma minuta do plano de implementa o api gr ficas motor biom trico abis integra o pcin x sbp pcin receber cin vindas do sbf e integra o com
graficas,copy_of_RelatorioVisitaTecnicaGraficasagosto,2,o presente documento consiste em relat rio t cnico sobre a visita realizada s gr ficas localizadas no estado de s o paulo que possuem credenciamento provis rio junto c mara exe
graficas,copy_of_RelatorioVisitaTecnicaGraficasagosto,3,nar o elabora o de parecer t cnico para subsidiar a cefic no credenciamento das referidas gr ficas. ainda no sentido de subsidiar a decis o da cefic foi solicitada a apresenta o de nota fi
graficas,copy_of_RelatorioVisitaTecnicaGraficasagosto,10,item 18 naturalidade / place of birth o texto pr impresso previsto com 29 posi es mas as gr ficas apontaram que h limita o de 23 caracteres. em duas gr ficas os modelos apresentam um mapa
graficas,copy_of_RelatorioVisitaTecnicaGraficasagosto,10,revisto com 29 posi es mas as gr ficas apontaram que h limita o de 23 caracteres. em duas gr ficas os modelos apresentam um mapa vazado em branco na posi o dedicada impress o do mapa em ti
graficas,copy_of_RelatorioVisitaTecnicaGraficasagosto,11,e n o afetam a continuidade do projeto. revis o do manual e encaminhamento concomitante s gr ficas e aos estados que fazem parte do projeto piloto. inclus o no manual da altura de transi o
graficas,copy_of_RelatorioVisitaTecnicaGraficasagosto,12,cidad o visa assegurar que as pessoas jur dicas que prestam servi os na rea de impress es gr ficas possuam as condi es t cnicas m nimas estipuladas para a emiss o da carteira de identidade
interoperabilidade,copy_of_resolucao_n__7__de_13_de_outubro_de_202,1,federal dos rg os de identi ca o e de outros poderes e que no mbito da expedi o da cin a interoperabilidade entre as bases permite que sejam encontradas diverg ncias biogr cas e biom tricas
interoperabilidade,D10900,2,709 de 14 de agosto de 2018 na prote o e na limita o do acesso a dados pessoais. art. 5 a interoperabilidade com a base de dados da identidade civil nacional icn de que trata a lei n 13.444 d
interoperabilidade,D10900,3,fica o dos estados e do distrito federal. 2 o n mero do cpf ser utilizado como chave para interoperabilidade das bases biom tricas. cap tulo iii da governan a se o i da c mara executiva feder
interoperabilidade,D10900,4,nclu do pelo decreto n 10.977 de 2022 vig ncia b os requisitos de seguran a integridade e interoperabilidade inclu do pelo decreto n 10.977 de 2022 vig ncia c os padr es biom tricos a serem u
interoperabilidade,D10900,8,nta de avalia o da satisfa o dos usu rios da plataforma gov.br vii adotar o barramento de interoperabilidade da plataforma gov.br para integra o dos sistemas e das bases de dados dos rg os e
interoperabilidade,D10900,8,................... i atender aos requisitos de seguran a integridade validade jur dica e interoperabilidade nos termos previstos nas normas editadas pela cefic e ............................
interoperabilidade,D10977,1,uisitos art. 8 a carteira de identidade atender aos requisitos de seguran a integridade e interoperabilidade estabelecidos pela c mara executiva federal de identifica o do cidad o cefic. reno
interoperabilidade,D10977,2,adr es de expedi o em formato f sico e digital b os requisitos de seguran a integridade e interoperabilidade c os padr es biom tricos a serem utilizados d as informa es sobre sa de a serem di
interoperabilidade,D10977,6,o digital atender aos requisitos de seguran a integridade padroniza o validade jur dica e interoperabilidade observado o disposto em recomenda es a serem estabelecidas pela c mara executiva f
territorio_nacional,D10977,1,tifica o civil. validade art. 2 a carteira de identidade tem f p blica validade em todo o territ rio nacional e constitui documento de identidade v lido para todos os fins legais. par grafo nico. a c
territorio_nacional,D10977,1,titular viii a assinatura do dirigente do rg o expedidor ix a express o v lida em todo o territ rio nacional x a data de validade o local e a data de expedi o do documento xi o c digo de barras bidi
interoperabilidade,D11797,4,biom trica na expedi o do modelo do documento c os requisitos de seguran a integridade e interoperabilidade d os padr es biom tricos a serem utilizados e as informa es sobre sa de a serem di
graficas,D11797,2,ca federal direta aut rquica e fundacional i possibilitar o acesso aos dados das bases biogr ficas e biom tricas aprovadas pela cefic ii autenticar os dados de identifica o e os dados cada
graficas,D11797,6,iscaliza o dos entes p blicos e privados sobre sistemas biom tricos de personaliza o e de gr ficas no mbito da expedi o da carteira de identidade ii operacionalizar os processos previstos
soberania,L12527,7,ca o as informa es cuja divulga o ou acesso irrestrito possam i p r em risco a defesa e a soberania nacionais ou a integridade do territ rio nacional ii prejudicar ou p r em risco a condu
soberania,L12527,11,e por prazo determinado enquanto o seu acesso ou divulga o puder ocasionar amea a externa soberania nacional ou integridade do territ rio nacional ou grave risco s rela es internacionais
territorio_nacional,L12527,7,sso irrestrito possam i p r em risco a defesa e a soberania nacionais ou a integridade do territ rio nacional ii prejudicar ou p r em risco a condu o de negocia es ou as rela es internacionais do pa
territorio_nacional,L12527,11,u acesso ou divulga o puder ocasionar amea a externa soberania nacional ou integridade do territ rio nacional ou grave risco s rela es internacionais do pa s observado o prazo previsto no 1 do art. 2
fomento,L12527,1,cita es iii utiliza o de meios de comunica o viabilizados pela tecnologia da informa o iv fomento ao desenvolvimento da cultura de transpar ncia na administra o p blica v desenvolvimento
fomento,L12527,12,istra o p blica federal respons vel i pela promo o de campanha de abrang ncia nacional de fomento cultura da transpar ncia na administra o p blica e conscientiza o do direito fundamental
interoperabilidade,L13709,15,das normas sobre a mat ria. art. 40. a autoridade nacional poder dispor sobre padr es de interoperabilidade para fins de portabilidade livre acesso aos dados e seguran a assim como sobre o t
concorrencia,L13709,1,gem v o desenvolvimento econ mico e tecnol gico e a inova o vi a livre iniciativa a livre concorr ncia e a defesa do consumidor e vii os direitos humanos o livre desenvolvimento da personalida
concorrencia,L13709,11,o. art. 24. as empresas p blicas e as sociedades de economia mista que atuam em regime de concorr ncia sujeitas ao disposto no art. 173 da constitui o federal ter o o mesmo tratamento dispensa
territorio_nacional,L13709,1,s onde estejam localizados os dados desde que i a opera o de tratamento seja realizada no territ rio nacional ii a atividade de tratamento tenha por objetivo a oferta ou o fornecimento de bens ou ser
territorio_nacional,L13709,1,o fornecimento de bens ou servi os ou o tratamento de dados de indiv duos localizados no territ rio nacional ii a atividade de tratamento tenha por objetivo a oferta ou o fornecimento de bens ou ser
territorio_nacional,L13709,1,o fornecimento de bens ou servi os ou o tratamento de dados de indiv duos localizados no territ rio nacional ou reda o dada pela medida provis ria n 869 de 2018 ii a atividade de tratamento tenha po
territorio_nacional,L13709,1,o fornecimento de bens ou servi os ou o tratamento de dados de indiv duos localizados no territ rio nacional ou reda o dada pela lei n 13.853 de 2019 vig ncia iii os dados pessoais objeto do tratame
territorio_nacional,L13709,1,.853 de 2019 vig ncia iii os dados pessoais objeto do tratamento tenham sido coletados no territ rio nacional. 1 consideram se coletados no territ rio nacional os dados pessoais cujo titular nele se
territorio_nacional,L13709,1,do tratamento tenham sido coletados no territ rio nacional. 1 consideram se coletados no territ rio nacional os dados pessoais cujo titular nele se encontre no momento da coleta. l13709 https //www.
territorio_nacional,L13709,2,d atividades de investiga o e repress o de infra es penais ou iv provenientes de fora do territ rio nacional e que n o sejam objeto de comunica o uso compartilhado de dados com agentes de tratamento
territorio_nacional,L13709,4,p blica respons vel por zelar implementar e fiscalizar o cumprimento desta lei em todo o territ rio nacional. reda o dada pela lei n 13.853 de 2019 vig ncia xix autoridade nacional entidade da admin
territorio_nacional,L13709,4,p blica respons vel por zelar implementar e fiscalizar o cumprimento desta lei em todo o territ rio nacional. reda o dada pela medida provis ria n 1.317 de 2025 xix autoridade nacional entidade da a
territorio_nacional,L13709,4,p blica respons vel por zelar implementar e fiscalizar o cumprimento desta lei em todo o territ rio nacional. reda o dada pela lei n 15.352 de 2026 art. 6 as atividades de tratamento de dados pessoa
interoperabilidade,L14534,3,ro de identifica o e ii 24 vinte e quatro meses para que os rg os e as entidades tenham a interoperabilidade entre os cadastros e as bases de dados a partir do n mero de inscri o no cpf. bras
territorio_nacional,L7116,1,ca o dos estados do distrito federal e dos territ rios tem f p blica e validade em todo o territ rio nacional. art 2 para a expedi o da carteira de identidade de que trata esta lei n o ser exigida do
territorio_nacional,L7116,2,ras de identidade emitidas anteriormente vig ncia desta lei continuar o v lidas em todo o territ rio nacional. art 12 esta lei entra em vigor na data de sua publica o. art 13 revogam se as disposi es
interoperabilidade,Memoria1aReuniaoCEFIC20250311v2,2,iadas alternativas de est mulo aos estados para realiza o de ajustes em seus sistemas com interoperabilidade com o b cadastro para possibilitar a inscri o e altera o de cpf tais como tratativ
interoperabilidade,Memoria1aReuniaoCEFIC20250311v2,2,quanto identifica o de dificuldades e limita es administrativas contratuais e financeiras interoperabilidade dos sistemas. foi apresentada pelo mjsp uma planilha de dados do fundo nacional de
bancos,Memoria1aReuniaoCEFIC20250311v2,2,b cadastro para possibilitar a inscri o e altera o de cpf tais como tratativas com a rede banc ria setor terci rio febraban serasa e outros atores importantes. o colegiado sugere um a art
bancos,Memoria1aReuniaoCEFIC20250311v2,2,tar a inscri o e altera o de cpf tais como tratativas com a rede banc ria setor terci rio febraban serasa e outros atores importantes. o colegiado sugere um a articula o e diagn stico dos
bancos,Memoria1aReuniaoCEFIC20250311v2,2,cri o e altera o de cpf tais como tratativas com a rede banc ria setor terci rio febraban serasa e outros atores importantes. o colegiado sugere um a articula o e diagn stico dos estados
bancos,Memoria1aReuniaoCEFIC20250311v2,3,e emiss o da cin e para o cidad o uma identifica o mais segura . destaca se que o sistema banc rio tem interesse na evolu o do projeto e futuras integra es. nesse sentido foi recomendada
bancos,Memoria1aReuniaoCEFIC20250311v2,3,uturas integra es. nesse sentido foi recomendada a inclus o do t pico de articula o com a febraban no cronograma. 5. encaminhamentos 5.1. a proposta do planejamento cefic para 2025 ser env
graficas,Memoria1aReuniaoCEFIC20250311v2,3,l sbf na pr xima reuni o da cefic ser apresentada uma minuta do plano de implementa o api gr ficas motor biom trico abis integra o pcin x sbp pcin receber cin vindas do sbf e integra o com
concorrencia,Memoria2aReuniaoCEFIC20250422,2,sobre o servi o biom trico federal sbf ajustando par metros t cnicos para garantir maior concorr ncia nas contrata es sem preju zo da qualidade. a segunda abordou ajustes no modelo informacio
acuracia,Memoria2aReuniaoCEFIC20250422,2,esta mem ria. em acr scimo ao planejamento foi proposta a cria o de um teste nacional de acur cia de motores biom tricos para reduzir a depend ncia de padr es internacionais no sistema bi
graficas,Memoria2aReuniaoCEFIC20250422,2,ro. foi sugerido pelo coordenador da cefic que a entrega do credenciamento definitivo das gr ficas fosse antecipada para 2025 mesmo que mantendo um vacatio legis para 2026 com tempo para q
graficas,Memoria2aReuniaoCEFIC20250422,3,nstru o do plano de comunica o 6.3 discuss o e matura o do processo de credenciamento das gr ficas no gt2. 6.4 valida o da proposta de cronograma de entregas at dezembro de 2025. 6.5 apres
graficas,Memoria3aReuniaoCEFIC202505131,2,t cnicos locais. as informa es foram organizadas em cinco eixos sistema biom trico gr ficas integradoras emiss o da cin a es coletivas mutir es e gest o do fundo nacional de seguran
graficas,Memoria3aReuniaoCEFIC202505131,2,ados que emitem aqu m da capacidade contratual ou t cnica e a gest o dos contratos com as gr ficas. ponderado a necessidade de planejamento para evitar interrup es no servi o e garantir cl
territorio_nacional,MICIN_VERSO_Enviada_PUBLICAO_RESOLUO_24.2025,3,to do titular conforme ibge pa ses. regras negociais nos casos de titular nascido fora do territ rio nacional estrangeiro naturalizado brasileiro nascido fora do territ rio nacional ou portugu s equi
territorio_nacional,MICIN_VERSO_Enviada_PUBLICAO_RESOLUO_24.2025,3,r nascido fora do territ rio nacional estrangeiro naturalizado brasileiro nascido fora do territ rio nacional ou portugu s equiparado obrigatoriamente deve ser indicado o pa s de nascimento pela tabe
territorio_nacional,MICIN_VERSO_Enviada_PUBLICAO_RESOLUO_24.2025,3,s de nascimento pela tabela atualizada de pa ses ibge. para brasileiros nascidos fora do territ rio nacional e em pa s n o reconhecido pelo brasil deve se registrar o pa s reconhecido pelo brasil em
nist_nfiq,MICIN_VERSO_Enviada_PUBLICAO_RESOLUO_24.2025,7,amputados ou dedos que n o estavam dispon veis no momento da captura conforme padr o ansi/nist itl 1 2011. regras negociais campo obrigat rio quando houver menos de 10 fotografias de i
graficas,MICIN_VERSO_Enviada_PUBLICAO_RESOLUO_24.2025,1,6/83 art. 3 do decreto n 10.977/2022 art.5 do decreto n 11.797/2023. 1 1..1 informa es biogr ficas do titular se o 2 1..1 prenome / given names caracteres alfanum ricos alfabeto latino pad
interoperabilidade,Minuta_RIPD_SIC_GOV_BR1,20,upera o da conta aumento do n vel de confiabilidade da conta na autentica o do titular na interoperabilidade dos dados entre rg os p blicos que ocorre por meio da autentica o na altera o dos
interoperabilidade,Minuta_RIPD_SIC_GOV_BR1,35,fica o dos estados e do distrito federal. 2 o n mero do cpf ser utilizado como chave para interoperabilidade das bases biom tricas.
interoperabilidade,Minuta_RIPD_SIC_GOV_BR1,36,rem alcan ados por meio da estrat gia de governo digital incluem promover a integra o e a interoperabilidade das bases de dados governamentais disponibilizar a identifica o digital ao cidad o
territorio_nacional,Minuta_RIPD_SIC_GOV_BR1,30,rea geogr fica do tratamento os dados pessoais associados conta do gov.br s o tratados em territ rio nacional brasil . 3.3 contexto do tratamento nesta se o s o destacados natureza do relacionamento
bancos,Minuta_RIPD_SIC_GOV_BR1,9,onta por meio de bancos credenciados necess rio que o titular se autentique com sua conta banc ria atrav s de bancos credenciados ao servi o conta gov.br neste processo o banco compartilh
fala_brasil,Minuta_RIPD_SIC_GOV_BR1,18,ficamos como foto selfie. exclus o da conta o minist rio da economia utiliza a plataforma fala.br falabr .cgu.gov.br como meio de comunica o entre o rg o e o titular. para registro da sol
fala_brasil,Minuta_RIPD_SIC_GOV_BR1,31,seus dados diretamente no servi o conta gov.br e exercer outros direitos atrav s do canal fala.br. mais detalhamento no t pico 5. para o piloto do modelo governo como plataforma os titula
fala_brasil,Minuta_RIPD_SIC_GOV_BR1,31,de exercer outros direitos previstos na lgpd diretamente no aplicativo gov.br e do canal fala.br. expectativa do titular o aviso de privacidade dispon vel no servi o conta gov.br visa es
fala_brasil,Minuta_RIPD_SIC_GOV_BR1,38,no t pico 3.2. para o titular exercer os demais direitos como exclus o da conta h o canal fala.br. marta juvina de medeiros contato fala.br falabr.cgu.gov.br endere o minist rio da econom
fala_brasil,Minuta_RIPD_SIC_GOV_BR1,38,emais direitos como exclus o da conta h o canal fala.br. marta juvina de medeiros contato fala.br falabr.cgu.gov.br endere o minist rio da economia. esplanada dos minist rios bloco p 4 an
interoperabilidade,publicacao_dou_resolucao_no_21__de_6_de_fevereiro_de_2025___resolucao_no_21__de_6_de_fevereiro_de_2025___dou___imprensa_nacional,3,ecedor dos algoritmos do motor biom trico integrados por meio de um sistema que permita a interoperabilidade entre diferentes tecnologias 3.3. possuir no m nimo dois s tios operacionais em di
multifornecedor_segundo_motor,publicacao_dou_resolucao_no_21__de_6_de_fevereiro_de_2025___resolucao_no_21__de_6_de_fevereiro_de_2025___dou___imprensa_nacional,3,solu o tecnol gica 3.1. estar hospedado em territ rio nacional 3.2. ter preferencialmente mais de um fornecedor dos algoritmos do motor biom trico integrados por meio de um sistema que permita a intero
territorio_nacional,publicacao_dou_resolucao_no_21__de_6_de_fevereiro_de_2025___resolucao_no_21__de_6_de_fevereiro_de_2025___dou___imprensa_nacional,3,os seguintes requisitos de infraestrutura e de solu o tecnol gica 3.1. estar hospedado em territ rio nacional 3.2. ter preferencialmente mais de um fornecedor dos algoritmos do motor biom trico integ
acuracia,publicacao_dou_resolucao_no_21__de_6_de_fevereiro_de_2025___resolucao_no_21__de_6_de_fevereiro_de_2025___dou___imprensa_nacional,2,technology evaluation frte 1 n para face e o minex iii para impress es digitais e 1.1.2. acur cia 1.1.2.1. quanto s impress es digitais de acordo com o teste fpvte fingerprint vendor tech
nist_nfiq,publicacao_dou_resolucao_no_21__de_6_de_fevereiro_de_2025___resolucao_no_21__de_6_de_fevereiro_de_2025___dou___imprensa_nacional,2,r es t cnicos biom tricos 1.1.1.1 os dados da impress o digital devem atender aos padr es nist fingerprint image quality nfiq 2 de acordo com a iso/iec 29794 4 1.1.1.2. os dados da fac
nist_nfiq,publicacao_dou_resolucao_no_21__de_6_de_fevereiro_de_2025___resolucao_no_21__de_6_de_fevereiro_de_2025___dou___imprensa_nacional,2,.1 os dados da impress o digital devem atender aos padr es nist fingerprint image quality nfiq 2 de acordo com a iso/iec 29794 4 1.1.1.2. os dados da face ser o submetidos ao padr o es
nist_nfiq,publicacao_dou_resolucao_no_21__de_6_de_fevereiro_de_2025___resolucao_no_21__de_6_de_fevereiro_de_2025___dou___imprensa_nacional,2,.1.1.3. o algoritmo do motor biom trico dever seguir os padr es e testes mais recentes do nist especi camente o face recognition technology evaluation frte 1 n para face e o minex iii
nist_nfiq,publicacao_dou_resolucao_no_21__de_6_de_fevereiro_de_2025___resolucao_no_21__de_6_de_fevereiro_de_2025___dou___imprensa_nacional,2,impress es digitais de acordo com o teste fpvte fingerprint vendor technology evaluation nist.ir.8034 seu substituto frif te e1n friction ridges image and featurestechnology evaluatio
nist_nfiq,publicacao_dou_resolucao_no_21__de_6_de_fevereiro_de_2025___resolucao_no_21__de_6_de_fevereiro_de_2025___dou___imprensa_nacional,3,sse do teste fpvte tabela 15 . 1.1.2.2. quanto s imagens faciais de acordo com o teste do nist frte 1 n identi cation ou posterior 1.1.2.2.1. o resultado da fnir a um fpir xo de 0 001
tier_iii,publicacao_dou_resolucao_no_21__de_6_de_fevereiro_de_2025___resolucao_no_21__de_6_de_fevereiro_de_2025___dou___imprensa_nacional,3,acionais em diferentes localiza es com capacidade de resili ncia operacional e certi ca o tier iii 3.4. implementar um disaster recovery layer drl de conting ncia aos s tios 3.5. implement
sitios_operacionais,publicacao_dou_resolucao_no_21__de_6_de_fevereiro_de_2025___resolucao_no_21__de_6_de_fevereiro_de_2025___dou___imprensa_nacional,3,a que permita a interoperabilidade entre diferentes tecnologias 3.3. possuir no m nimo dois s tios operacionais em diferentes localiza es com capacidade de resili ncia operacional e certi ca o tier iii
graficas,RelatorioVisitaTecnicaGraficasagosto,2,o presente documento consiste em relat rio t cnico sobre a visita realizada s gr ficas localizadas no estado de s o paulo que possuem credenciamento provis rio junto c mara exe
graficas,RelatorioVisitaTecnicaGraficasagosto,3,nar o elabora o de parecer t cnico para subsidiar a cefic no credenciamento das referidas gr ficas. ainda no sentido de subsidiar a decis o da cefic foi solicitada a apresenta o de nota fi
graficas,RelatorioVisitaTecnicaGraficasagosto,10,item 18 naturalidade / place of birth o texto pr impresso previsto com 29 posi es mas as gr ficas apontaram que h limita o de 23 caracteres. em duas gr ficas os modelos apresentam um mapa
graficas,RelatorioVisitaTecnicaGraficasagosto,10,revisto com 29 posi es mas as gr ficas apontaram que h limita o de 23 caracteres. em duas gr ficas os modelos apresentam um mapa vazado em branco na posi o dedicada impress o do mapa em ti
graficas,RelatorioVisitaTecnicaGraficasagosto,11,e n o afetam a continuidade do projeto. revis o do manual e encaminhamento concomitante s gr ficas e aos estados que fazem parte do projeto piloto. inclus o no manual da altura de transi o
graficas,RelatorioVisitaTecnicaGraficasagosto,12,cidad o visa assegurar que as pessoas jur dicas que prestam servi os na rea de impress es gr ficas possuam as condi es t cnicas m nimas estipuladas para a emiss o da carteira de identidade
territorio_nacional,res2,1,ser executado obrigatoriamente nas depend ncias de uma nica unidade fabril localizada em territ rio nacional n o podendo serem produzidas separadamente visando a seguran a das c dulas de resolu o n
territorio_nacional,res2,2,nvolvimento da solu o dever ser executado obrigatoriamente nas depend ncias localizada em territ rio nacional da empresa credenciada. 3 o presente credenciamento provis rio ter validade de 6 seis mes
interoperabilidade,res20,1,macional da carteira de identidade nacional cin como requisito de seguran a integridade e interoperabilidade do servi o de identi ca o do cidad o. 1 os objetivos o escopo os conte dos e as es
interoperabilidade,res21,3,ecedor dos algoritmos do motor biom trico integrados por meio de um sistema que permita a interoperabilidade entre diferentes tecnologias 3.3. possuir no m nimo dois s tios operacionais em di
multifornecedor_segundo_motor,res21,3,solu o tecnol gica 3.1. estar hospedado em territ rio nacional 3.2. ter preferencialmente mais de um fornecedor dos algoritmos do motor biom trico integrados por meio de um sistema que permita a intero
territorio_nacional,res21,3,os seguintes requisitos de infraestrutura e de solu o tecnol gica 3.1. estar hospedado em territ rio nacional 3.2. ter preferencialmente mais de um fornecedor dos algoritmos do motor biom trico integ
acuracia,res21,2,technology evaluation frte 1 n para face e o minex iii para impress es digitais e 1.1.2. acur cia 1.1.2.1. quanto s impress es digitais de acordo com o teste fpvte fingerprint vendor tech
nist_nfiq,res21,2,r es t cnicos biom tricos 1.1.1.1 os dados da impress o digital devem atender aos padr es nist fingerprint image quality nfiq 2 de acordo com a iso/iec 29794 4 1.1.1.2. os dados da fac
nist_nfiq,res21,2,.1 os dados da impress o digital devem atender aos padr es nist fingerprint image quality nfiq 2 de acordo com a iso/iec 29794 4 1.1.1.2. os dados da face ser o submetidos ao padr o es
nist_nfiq,res21,2,.1.1.3. o algoritmo do motor biom trico dever seguir os padr es e testes mais recentes do nist especi camente o face recognition technology evaluation frte 1 n para face e o minex iii
nist_nfiq,res21,2,impress es digitais de acordo com o teste fpvte fingerprint vendor technology evaluation nist.ir.8034 seu substituto frif te e1n friction ridges image and featurestechnology evaluatio
nist_nfiq,res21,3,sse do teste fpvte tabela 15 . 1.1.2.2. quanto s imagens faciais de acordo com o teste do nist frte 1 n identi cation ou posterior 1.1.2.2.1. o resultado da fnir a um fpir xo de 0 001
tier_iii,res21,3,acionais em diferentes localiza es com capacidade de resili ncia operacional e certi ca o tier iii 3.4. implementar um disaster recovery layer drl de conting ncia aos s tios 3.5. implement
sitios_operacionais,res21,3,a que permita a interoperabilidade entre diferentes tecnologias 3.3. possuir no m nimo dois s tios operacionais em diferentes localiza es com capacidade de resili ncia operacional e certi ca o tier iii
acuracia,res22,1,o nos mais recentes testes do nist para quando da sua publica o o processo de aferi o da acur cia possa ser realizado na propor o descrita nesta resolu o nr . art. 2 esta resolu o entra e
nist_nfiq,res22,1,lgoritmo do motor biom trico deve comprovar a sua participa o nos mais recentes testes do nist para quando da sua publica o o processo de aferi o da acur cia possa ser realizado na pro
territorio_nacional,res23,8,nos casos de titular nascido a fora do territ rio nacional estrangeiro a naturalizado a brasileiro a nascido a fora do territ rio nacional ou portug
territorio_nacional,res23,8,a fora do territ rio nacional estrangeiro a naturalizado a brasileiro a nascido a fora do territ rio nacional ou portugu s a equiparado a obrigatoriamente deve ser indicado o pa s de nascimento pela
territorio_nacional,res23,8,nascimento pela tabela atualizada de pa ses ibge. para brasileiros as nascidos as fora do territ rio nacional e em pa s n o reconhecido pelo brasil deve se registrar o pa s reconhecido pelo brasil em
nist_nfiq,res23,16,amputados ou dedos que n o estavam dispon veis no momento da captura conforme padr o ansi/nist itl 1 2011. sem representa o. sem representa o. art. 3 f da lei n 7.116/83 art. 11 vii do
interoperabilidade,res24,1,ional da carteira de identidade nacional mi cin como requisito de seguran a integridade e interoperabilidade do servi o de identi ca o do cidad o sic. par grafo nico. o conte do e as estrutur
territorio_nacional,res24,6,nto do titular conforme ibge pa ses.regras negociais nos casos de titular nascido fora do territ rio nacional estrangeiro naturalizado 3 caracteres. 3 caracteres. resolu o n 24 de 8 de setembro de 20
territorio_nacional,res24,7,brasileiro nascido fora do territ rio nacional ou portugu s equiparado obrigatoriamente deve ser indicado o pa s de nascimento pela tabe
territorio_nacional,res24,7,s de nascimento pela tabela atualizada de pa ses ibge. para brasileiros nascidos fora do territ rio nacional e em pa s n o reconhecido pelo brasil deve se registrar o pa s reconhecido pelo brasil em
nist_nfiq,res24,15,amputados ou dedos que n o estavam dispon veis no momento da captura conforme padr o ansi/nist itl sem representa o. sem representa o. art. 3 f da lei n 7.116/83 art. 11 vii do decreto
blockchain,res30,1,existentes nos rg os intervenientes de emiss o da cin. art. 4 o scf cin adotar tecnologia blockchain. 1 os rg os executores do sic e os oics registrar o na redeblockchain nas etapas de sua r
blockchain,res30,1,n adotar tecnologia blockchain. 1 os rg os executores do sic e os oics registrar o na redeblockchain nas etapas de sua responsabilidade as informa es geradas no mbito de suas compet ncias co
blockchain,res30,1,s geradas no mbito de suas compet ncias conforme diagrama da m quina de estados . 2 a redeblockchaindo scf cin permitir aos rg os executores do sic e oics acesso integral ao conjunto dos dad
blockchain,res30,1,de abrang ncia nacional poder o ser inclu das mediante aprova o da ce c como n s na rede blockchain scf cin para registro dos resultados dessas valida es. art. 5 o controle do uxo de emiss
interoperabilidade,res4,2,es o ao programa conecta gov assunto solicita o de ades o ao programa conecta gov.br para interoperabilidade dos dados confer ncia biom trica e biogr ca dos cidad os de acordo com o decreto 1
interoperabilidade,res4,2,idos na presta o e no controle dos servi os p blicos e da elimina o inclusive por meio da interoperabilidade de dados das exig ncias desnecess rias ao usu rio quanto apresenta o de informa es
interoperabilidade,res4,2,de fevereiro de 2022 em seu artigo 8 . 3. solicito ades o ao programa conecta gov.br para interoperabilidade conforme detalhamento a seguir i identi ca o a. respons vel pelo instituto que ace
interoperabilidade,res4,4,os. m. para acessar a api o representante t cnico do rg o ser habilitado na plataforma de interoperabilidade do conecta gov.br e dever gerar as chaves de acesso s api com assinatura do termo
blockchain,res4,3,dade do compartilhamento e das nalidades de uso dos dados solicitados nome da api ou rede blockchain solicitada volumetria anual solicitada finalidade do tratamento de dados confer ncia biom
interoperabilidade,res7,1,federal dos rg os de identi ca o e de outros poderes e que no mbito da expedi o da cin a interoperabilidade entre as bases permite que sejam encontradas diverg ncias biogr cas e biom tricas
interoperabilidade,Resolucao24,1,ional da carteira de identidade nacional mi cin como requisito de seguran a integridade e interoperabilidade do servi o de identi ca o do cidad o sic. par grafo nico. o conte do e as estrutur
territorio_nacional,Resolucao24,6,cimento dotitular conforme ibgepa ses.regras negociais noscasos de titular nascido fora doterrit rio nacional estrangeironaturalizado 3 caracteres. 3 caracteres. brasileiro nascido fora doterrit rio
territorio_nacional,Resolucao24,6,io nacional estrangeironaturalizado 3 caracteres. 3 caracteres. brasileiro nascido fora doterrit rio nacional ouportugu s equiparado obrigatoriamente deve serindicado o pa s de nascimentopela tabela
territorio_nacional,Resolucao24,6,pa s de nascimentopela tabela atualizada depa ses ibge. para brasileirosnascidos fora do territ rio nacional e em pa s n oreconhecido pelo brasil deve se registrar o pa s reconhecidopelo brasil em q
nist_nfiq,Resolucao24,13,foramamputados oudedos que n oestavamdispon veis nomomento dacaptura conforme padr oansi/nist itl semrepresenta o. semrepresenta o. art. 3 f da l7.116/83 artdo decreto n10.977/2022 xx
territorio_nacional,resolucao_n_1,1,mitido diretamente pela confedera o nacional dos not rios e registradores com validade no territ rio nacional como prova de identidade para qualquer efeito com a possibilidade ainda de ser emitido pe
territorio_nacional,resolucao_n__2__de_02_de_junho_de_2022,1,ser executado obrigatoriamente nas depend ncias de uma nica unidade fabril localizada em territ rio nacional n o podendo serem produzidas separadamente visando a seguran a das c dulas de
territorio_nacional,resolucao_n__2__de_02_de_junho_de_2022,2,nvolvimento da solu o dever ser executado obrigatoriamente nas depend ncias localizada em territ rio nacional da empresa credenciada. 3 o presente credenciamento provis rio ter validade de 6 seis mes
interoperabilidade,resolucao_n__4__de_7_de_junho_de_2022,2,es o ao programa conecta gov assunto solicita o de ades o ao programa conecta gov.br para interoperabilidade dos dados confer ncia biom trica e biogr ca dos cidad os de acordo com o decreto 1
interoperabilidade,resolucao_n__4__de_7_de_junho_de_2022,2,idos na presta o e no controle dos servi os p blicos e da elimina o inclusive por meio da interoperabilidade de dados das exig ncias desnecess rias ao usu rio quanto apresenta o de informa es
interoperabilidade,resolucao_n__4__de_7_de_junho_de_2022,2,de fevereiro de 2022 em seu artigo 8 . 3. solicito ades o ao programa conecta gov.br para interoperabilidade conforme detalhamento a seguir i identi ca o a. respons vel pelo instituto que ace
interoperabilidade,resolucao_n__4__de_7_de_junho_de_2022,4,os. m. para acessar a api o representante t cnico do rg o ser habilitado na plataforma de interoperabilidade do conecta gov.br e dever gerar as chaves de acesso s api com assinatura do termo
blockchain,resolucao_n__4__de_7_de_junho_de_2022,3,ssidade do compartilhamento e das nalidades de uso dos dados solicitados nome daapi ouredeblockchainsolicitada volumetriaanualsolicitadafinalidade do tratamento de dados confer nciabiom tric
interoperabilidade,resolucao_n__7__de_13_de_outubro_de_202,1,federal dos rg os de identi ca o e de outros poderes e que no mbito da expedi o da cin a interoperabilidade entre as bases permite que sejam encontradas diverg ncias biogr cas e biom tricas
acuracia,RESOLUON22DE5DEMAIOde2025RESOLUON22DE5DEMAIOde2025DOUImprensaNacional,1,o nos mais recentes testes do nist para quando da sua publica o o processo de aferi o da acur cia possa ser realizado na propor o descrita nesta resolu o nr . art. 2 esta resolu o entra e
nist_nfiq,RESOLUON22DE5DEMAIOde2025RESOLUON22DE5DEMAIOde2025DOUImprensaNacional,1,lgoritmo do motor biom trico deve comprovar a sua participa o nos mais recentes testes do nist para quando da sua publica o o processo de aferi o da acur cia possa ser realizado na pro
graficas,visita-tecnica-2023-3,2,o presente documento consiste em relat rio t cnico sobre a visita realizada s gr ficas ice cart es especiais e contiplan localizadas no estado de s o paulo que possuem credenci
graficas,visita-tecnica-2023-3,3,tinam elabora o de parecer t cnico para subsidiar a cefic no credenciamento das referidas gr ficas. nesse contexto destaca se que ainda no sentido de subsidiar a decis o da cefic foi solic
graficas,visita-tecnica-2023-3,4,14298 que especifica requisitos para um sistema de gest o de impress o de seguran a para gr ficas e a certifica o nbr 15540 que preconiza que procedimentos de produ o de impressos de segu
graficas,visita-tecnica-2023-3,8,14298 que especifica requisitos para um sistema de gest o de impress o de seguran a para gr ficas e a certifica o nbr 15540 que preconiza que procedimentos de produ o de impressos de segu
