arquivo,documento,categoria,orgao,numero,data_documento,observacao
1-reunic-ordinaria-15_05_2024,Registro da reunião de 15/05/2024,registro_reuniao,CEFIC,,15/05/2024,
1_reunicextra_cefic_21_07_2023,Registro da reunião de 21/07/2023,registro_reuniao,CEFIC,,21/07/2023,
1reuniao_Cefic_06_04_2023-,Registro da reunião de 05/04/2023,registro_reuniao,CEFIC,,05/04/2023,
20220209semeprojetoidentificacaodocidadao_primeira_reu_ceficv6,Apresentação da reunião de 14/03/2022,apresentacao_reuniao,CEFIC,,14/03/2022,slides exibidos na reunião; não é ata
20220209semeprojetoidentificacaodocidadao_segunda_reu_ceficv5,Apresentação da reunião de 24/03/2022,apresentacao_reuniao,CEFIC,,24/03/2022,slides exibidos na reunião; não é ata
202205053areuniaoCEFICv2,Apresentação da reunião de 05/05/2022,apresentacao_reuniao,CEFIC,,05/05/2022,slides exibidos na reunião; não é ata
2024-05-15-memoria-1a-reuniao-ordinaria-cefic1-1,Registro da reunião de 15/05/2024,registro_reuniao,CEFIC,,15/05/2024,
2024-05-27_memoria-de-reuniao-1a-reuniao-extradordinaria-cefic,Registro da reunião de 27/05/2024,registro_reuniao,CEFIC,,27/05/2024,
2024-07-02_memoria-de-reuniao-2a-reuniao-ordinaria-cefic,Registro da reunião de 02/07/2024,registro_reuniao,CEFIC,,02/07/2024,
2024-08-06_memoria-de-reuniao-3a-reuniao-ordinaria-cefic,Registro da reunião de 06/08/2024,registro_reuniao,CEFIC,,06/08/2024,
2024-08-20_memoria-de-reuniao-2a-reuniao-extraordinaria-cefic,Registro da reunião de 20/08/2024,registro_reuniao,CEFIC,,20/08/2024,
2024-10-01_memoria-de-reuniao-4a-reuniao-cefic,Registro da reunião de 01/10/2024,registro_reuniao,CEFIC,,01/10/2024,
2024-12-03_memoria-de-reuniao-5a-reuniao-cefic,Registro da reunião de 03/12/2024,registro_reuniao,CEFIC,,03/12/2024,
2024-12-19_memoria-de-reuniao-3a-reuniao-extraordinaria-cefic,Registro da reunião de 19/12/2024,registro_reuniao,CEFIC,,19/12/2024,
2025.06.10MemriadaReunioCEFICFINAL,Registro da reunião de 10/06/2025,registro_reuniao,CEFIC,,10/06/2025,texto extraído de outra captura do mesmo documento; ver capturas_preteridas.csv
2025.07.10MemriadaReunioCEFIC1revisado,Registro da reunião de 10/07/2025,registro_reuniao,CEFIC,,10/07/2025,
2025.07.10MemriadaReunioCEFIC_FINAL,Registro da reunião de 10/07/2025,registro_reuniao,CEFIC,,10/07/2025,
2025.08.15MemriadaReunioCEFIC,Registro da reunião de 15/08/2025,registro_reuniao,CEFIC,,15/08/2025,
2025.09.09MemriadaReunioCEFIC,Registro da reunião de 09/09/2025,registro_reuniao,CEFIC,,09/09/2025,
2025.12.09MemriaCefic,Registro da reunião de 09/12/2025,registro_reuniao,CEFIC,,09/12/2025,
2025.12.16CEFICMemriadareunio,Registro da reunião de 16/12/2025,registro_reuniao,CEFIC,,16/12/2025,
2026-05-13-memoria-da-reuniao-cefic,Registro da reunião de 13/05/2026,registro_reuniao,CEFIC,,13/05/2026,
2026-06-16-memoria-da-reuniao-cefic,Registro da reunião de 16/06/2026,registro_reuniao,CEFIC,,16/06/2026,
2026.02.11CEFICMemriadareuniov2,Registro da reunião de 11/02/2026,registro_reuniao,CEFIC,,11/02/2026,
2026.02.11MemriadaReunioCEFIC,Registro da reunião de 11/02/2026,registro_reuniao,CEFIC,,11/02/2026,
2026.02.26CEFICMemriadeReunioVirtual,Registro da reunião de 26/02/2026,registro_reuniao,CEFIC,,26/02/2026,
2026.03.12MemriadaReunioCEFIC,Registro da reunião de 12/03/2026,registro_reuniao,CEFIC,,12/03/2026,
2026.03.12MemriadaReunioCEFIC1,Registro da reunião de 12/03/2026,registro_reuniao,CEFIC,,12/03/2026,
2026.04.16MemriadaReunioCEFIC,Registro da reunião de 16/04/2026,registro_reuniao,CEFIC,,16/04/2026,
2026.04.16MemriadaReunioCEFIC1,Registro da reunião de 16/04/2026,registro_reuniao,CEFIC,,16/04/2026,
2026.04.17MemriadaReunioVirtualCEFIC,Registro da reunião de 17/04/2026,registro_reuniao,CEFIC,,17/04/2026,
2026.07.14MemriadaReunioCEFIC,Registro da reunião de 14/07/2026,registro_reuniao,CEFIC,,14/07/2026,
2026.08.11MemriadaReunioCEFIC,Registro da reunião de 11/08/2026,registro_reuniao,CEFIC,,11/08/2026,
2_reunicextra_cefic_21_08_2023,Registro da reunião de 21/08/2023,registro_reuniao,CEFIC,,21/08/2023,
3_reuniao_cefic_10_08_2023,Registro da reunião de 10/08/2023,registro_reuniao,CEFIC,,10/08/2023,
4___reuniao_CEFIC_11_10_2023,Registro da reunião de 11/10/2023,registro_reuniao,CEFIC,,11/10/2023,
5_reuniao_cefic_2023_12_21,Registro da reunião de 21/12/2023,registro_reuniao,CEFIC,,21/12/2023,
ABNT-NBR-17225-Acessibilidade-Digital,ABNT NBR 17225:2025,norma_tecnica,ABNT,,11/03/2025,
ATA8reudacefic11,Registro da reunião de 11/08/2022,registro_reuniao,CEFIC,,11/08/2022,
Ata3aReuCEFIC1,Registro da reunião de 05/05/2022,registro_reuniao,CEFIC,,05/05/2022,
Ata4aReu_CEFIC1,Registro da reunião de 11/05/2022,registro_reuniao,CEFIC,,11/05/2022,
Ata5aReu_CEFICv4,Registro da reunião de 18/05/2022,registro_reuniao,CEFIC,,18/05/2022,
Atada6reuniaoCEFIC.v2,Registro da reunião de 31/05/2022 (6ª),registro_reuniao,CEFIC,,31/05/2022,6ª reunião; duas reuniões distintas na mesma data
Atada7reuniaoCEFIC.v2,Registro da reunião de 31/05/2022 (7ª),registro_reuniao,CEFIC,,31/05/2022,7ª reunião; duas reuniões distintas na mesma data
D10900,Decreto nº 10.900/2021,legislacao,Presidência da República,10.900,17/12/2021,cria a Cefic; revogado pelo Decreto nº 11.797/2023
D10977,Decreto nº 10.977/2022,legislacao,Presidência da República,10.977,23/02/2022,
D11429,Decreto nº 11.429/2023,legislacao,Presidência da República,11.429,03/03/2023,revogado pelo Decreto nº 11.797/2023
D11797,Decreto nº 11.797/2023,legislacao,Presidência da República,11.797,27/11/2023,mantém a Cefic; art. 10 define suas competências normativas
Fluxo_CIN_V7,"Fluxo da CIN, versão 7",sem_camada_de_texto,nao_determinado,,,PDF sem camada de texto; conteúdo e autoria não verificáveis
L12527,Lei nº 12.527/2011,legislacao,Congresso Nacional,12.527,18/11/2011,
L13709,Lei nº 13.709/2018,legislacao,Congresso Nacional,13.709,14/08/2018,
L14534,Lei nº 14.534/2023,legislacao,Congresso Nacional,14.534,11/01/2023,
L7116,Lei nº 7.116/1983,legislacao,Congresso Nacional,7.116,29/08/1983,
MICIN_VERSO_Enviada_PUBLICAO_RESOLUO_24.2025,"Modelo Informacional da CIN, verso (anexo à Resolução nº 24/2025)",anexo,CEFIC,24,,
Memoria1aReuniaoCEFIC20250311v2,Registro da reunião de 11/03/2025,registro_reuniao,CEFIC,,11/03/2025,
Memoria2aReuniaoCEFIC20250422,Registro da reunião de 22/04/2025,registro_reuniao,CEFIC,,22/04/2025,
Memoria3aReuniaoCEFIC202505131,Registro da reunião de 13/05/2025,registro_reuniao,CEFIC,,13/05/2025,
Minuta_RIPD_SIC_GOV_BR1,"Relatório de Impacto à Proteção de Dados Pessoais, conta gov.br (minuta)",relatorio_outro_orgao,Ministério da Economia,,27/12/2022,
PORTARIASGD10972,Portaria SGD/MGI nº 10.972,portaria,SGD/MGI,10.972,18/09/2024,designação de integrantes da Cefic ou de seus grupos de trabalho
PORTARIASGD4.987,Portaria SGD/MGI nº 4.987,portaria,SGD/MGI,4.987,16/08/2024,designação de integrantes da Cefic ou de seus grupos de trabalho
PORTARIASGD8296,Portaria SGD/MGI nº 8.296,portaria,SGD/MGI,8.296,29/09/2025,designação de integrantes da Cefic ou de seus grupos de trabalho
PORTARIASGD8297,Portaria SGD/MGI nº 8.297,portaria,SGD/MGI,8.297,29/09/2025,designação de integrantes da Cefic ou de seus grupos de trabalho
PORTARIASGD8298,Portaria SGD/MGI nº 8.298,portaria,SGD/MGI,8.298,29/09/2025,designação de integrantes da Cefic ou de seus grupos de trabalho
PORTARIASGD9367,Portaria SGD/MGI nº 9.367,portaria,SGD/MGI,9.367,11/12/2024,designação de integrantes da Cefic ou de seus grupos de trabalho
PORTARIASGD_MGIN2.975DE7DEABRILDE2026PORTARIASGD_MGIN2.975DE7DEABRILDE__0dc94f,Portaria SGD/MGI nº 2.975,portaria,SGD/MGI,2.975,07/04/2026,designação de integrantes da Cefic ou de seus grupos de trabalho
PORTARIASGD_MGIN3.193DE22DEABRILDE2026PORTARIASGD_MGIN3.193DE22DEABRIL__604812,Portaria SGD/MGI nº 3.193,portaria,SGD/MGI,3.193,22/04/2026,designação de integrantes da Cefic ou de seus grupos de trabalho
Portaria_58050721_PORTARIA_SGD_MGI_N__1.120__DE_12_DE_FEVEREIRO_DE_202__36705b,Portaria SGD/MGI nº 1.120,portaria,SGD/MGI,1.120,12/02/2026,designação de integrantes da Cefic ou de seus grupos de trabalho
Portaria_58050795_PORTARIA_SGD_MGI_N__1.121__DE_12_DE_FEVEREIRO_DE_202__27ea5f,Portaria SGD/MGI nº 1.121,portaria,SGD/MGI,1.121,12/02/2026,designação de integrantes da Cefic ou de seus grupos de trabalho
Portaria_58050936_PORTARIA_SGD_MGI_N__1.228__DE_12_DE_FEVEREIRO_DE_202__64f774,Portaria SGD/MGI nº 1.228,portaria,SGD/MGI,1.228,12/02/2026,designação de integrantes da Cefic ou de seus grupos de trabalho
RESOLUON22DE5DEMAIOde2025RESOLUON22DE5DEMAIOde2025DOUImprensaNacional,Resolução CEFIC nº 22,resolucao,CEFIC,22,05/05/2025,
RelatorioVisitaTecnicaGraficasagosto,Relatório de visita técnica às gráficas (credenciamento),relatorio_tecnico,CEFIC,,,
Resolucao24,Resolução CEFIC nº 24,resolucao,CEFIC,24,08/09/2025,
Resolucao25,Resolução CEFIC nº 25,resolucao,CEFIC,25,08/09/2025,
Resolucao26,Resolução CEFIC nº 26,resolucao,CEFIC,26,08/09/2025,
Resolucao27,Resolução CEFIC nº 27,resolucao,CEFIC,27,08/09/2025,
Resolucao28,Resolução CEFIC nº 28,resolucao,CEFIC,28,08/09/2025,
Resoluo23,Resolução CEFIC nº 23,resolucao,CEFIC,23,05/05/2025,captura sem camada de texto; o conteúdo da resolução consta de res23
ata2areuniaodacefic,Registro da reunião de 24/03/2022,registro_reuniao,CEFIC,,24/03/2022,
ata_1_14mar22,Registro da reunião de 14/03/2022,registro_reuniao,CEFIC,,14/03/2022,
portaria-sgd_mgi-no-2-474_10_06_2026,Portaria SGD/MGI nº 2.474,portaria,SGD/MGI,2.474,10/06/2026,designação de integrantes da Cefic ou de seus grupos de trabalho
publicacao_dou_resolucao_no_21__de_6_de_fevereiro_de_2025___resolucao__ff7227,Resolução CEFIC nº 21,resolucao,CEFIC,21,06/02/2025,
relatorio-de-visita-tecnica-casa-da-moeda,"Relatório de visita técnica à Casa da Moeda, abril de 2024",relatorio_tecnico,CEFIC,,04/2024,
res1,Resolução CEFIC nº 1,resolucao,CEFIC,1,24/03/2022,
res10,Resolução CEFIC nº 10,resolucao,CEFIC,10,06/04/2023,
res11,Resolução CEFIC nº 11,resolucao,CEFIC,11,06/04/2023,
res12,Resolução CEFIC nº 12,resolucao,CEFIC,12,28/07/2023,
res13,Resolução CEFIC nº 13,resolucao,CEFIC,13,28/07/2023,
res14,Resolução CEFIC nº 14,resolucao,CEFIC,14,21/08/2023,
res15,Resolução CEFIC nº 15,resolucao,CEFIC,15,01/11/2023,
res16,Resolução CEFIC nº 16,resolucao,CEFIC,16,22/01/2024,
res17,Resolução CEFIC nº 17,resolucao,CEFIC,17,04/06/2024,
res18,Resolução CEFIC nº 18,resolucao,CEFIC,18,04/06/2024,
res19,Resolução CEFIC nº 19,resolucao,CEFIC,19,04/06/2024,
res2,Resolução CEFIC nº 2,resolucao,CEFIC,2,02/06/2022,
res20,Resolução CEFIC nº 20,resolucao,CEFIC,20,09/09/2024,
res21,Resolução CEFIC nº 21,resolucao,CEFIC,21,06/02/2025,
res22,Resolução CEFIC nº 22,resolucao,CEFIC,22,05/05/2025,
res23,Resolução CEFIC nº 23,resolucao,CEFIC,23,05/05/2025,
res24,Resolução CEFIC nº 24,resolucao,CEFIC,24,08/09/2025,
res25,Resolução CEFIC nº 25,resolucao,CEFIC,25,08/09/2025,
res26,Resolução CEFIC nº 26,resolucao,CEFIC,26,08/09/2025,
res27,Resolução CEFIC nº 27,resolucao,CEFIC,27,08/09/2025,
res28,Resolução CEFIC nº 28,resolucao,CEFIC,28,08/09/2025,
res29,Resolução CEFIC nº 29,resolucao,CEFIC,29,02/02/2026,
res3,Resolução CEFIC nº 3,resolucao,CEFIC,3,13/06/2022,
res30,Resolução CEFIC nº 30,resolucao,CEFIC,30,02/02/2026,
res31,Resolução CEFIC nº 31,resolucao,CEFIC,31,16/03/2026,
res4,Resolução CEFIC nº 4,resolucao,CEFIC,4,07/06/2022,
res5,Resolução CEFIC nº 5,resolucao,CEFIC,5,11/08/2022,
res6,Resolução CEFIC nº 6,resolucao,CEFIC,6,13/10/2022,
res7,Resolução CEFIC nº 7,resolucao,CEFIC,7,13/10/2022,
res8,Resolução CEFIC nº 8,resolucao,CEFIC,8,13/10/2022,
res9,Resolução CEFIC nº 9,resolucao,CEFIC,9,07/11/2022,
resolucao-15,Resolução CEFIC nº 15,resolucao,página mista do DOU,15,01/11/2023,"página integral do Diário Oficial, com atos de outros órgãos; excluída das contagens da CEFIC, pois a resolução consta de captura própria"
resolucao-16,Resolução CEFIC nº 16,resolucao,página mista do DOU,16,22/01/2024,"página integral do Diário Oficial, com atos de outros órgãos; excluída das contagens da CEFIC, pois a resolução consta de captura própria"
resolucao-no-32_03_06_2026,Resolução CEFIC nº 32,resolucao,CEFIC,32,03/06/2026,
resolucao-no-33_03_06_2026,Resolução CEFIC nº 33,resolucao,CEFIC,33,03/06/2026,
resolucao_n-9-de-7-de-novembro-de-2022,Resolução CEFIC nº 9,resolucao,CEFIC,9,07/11/2022,
resolucao_n_1,Resolução CEFIC nº 1,resolucao,página mista do DOU,1,24/03/2022,"página integral do Diário Oficial, com atos de outros órgãos; excluída das contagens da CEFIC, pois a resolução consta de captura própria; a razão social ""Empresa Brasileira de Participações em Energia Nuclear"" pertence a ato de outro órgão nesta página"
resolucao_n__2__de_02_de_junho_de_2022,Resolução CEFIC nº 2,resolucao,CEFIC,2,02/06/2022,
resolucao_n__3__de_13_de_junho_de_2022,Resolução CEFIC nº 3,resolucao,CEFIC,3,13/06/2022,
resolucao_n__4__de_7_de_junho_de_2022,Resolução CEFIC nº 4,resolucao,CEFIC,4,07/06/2022,
resolucao_n__5__de_11_de_agosto_de_2022,Resolução CEFIC nº 5,resolucao,CEFIC,5,11/08/2022,
resolucao_n__6__de_13_de_outubro_de_2022,Resolução CEFIC nº 6,resolucao,CEFIC,6,13/10/2022,
resolucao_n__7__de_13_de_outubro_de_202,Resolução CEFIC nº 7,resolucao,CEFIC,7,13/10/2022,
resolucao_n__8__de_13_de_outubro_de_2022,Resolução CEFIC nº 8,resolucao,CEFIC,8,13/10/2022,
ret_res24,Retificação da Resolução CEFIC nº 24,retificacao,CEFIC,24,08/09/2025,
retificacao___retificacao___dou___imprensa_nacional,Retificação da Resolução CEFIC nº 21,retificacao,CEFIC,21,06/02/2025,
visita-tecnica-2023-3,"Relatório de visita técnica, julho de 2023",relatorio_tecnico,CEFIC,,07/2023,
