citacao,arquivo,pagina,trecho
E9_graficas,1-reunic-ordinaria-15_05_2024,3,a o setembro credenciamento de institui es p blicas e empresas privadas para atuarem como gr ficas da cin outubro regras de captura/coleta e armazenamento de dados biom tricos para a cin a
E9_graficas,2024-05-15-memoria-1a-reuniao-ordinaria-cefic1-1,3,identifica o credenciamento de institui es p blicas e empresas privadas para atuarem como gr ficas da cin regras de captura/coleta e armazenamento de dados biom tricos para a cin auditoria
E9_graficas,2024-08-06_memoria-de-reuniao-3a-reuniao-ordinaria-cefic,1,medida provis ria ou projeto de lei para lei 14.534/23. v. resolu o de credenciamento de gr ficas para nov/24. vi. apresenta o da proje o de cin com investimento de 285 milh es de reais.
E5_apenas_uma_digital,2025.08.15MemriadaReunioCEFIC,2,am se limita es t cnicas do motor biom trico com destaque para o fato de que at o momento apenas uma digital tem sido enviada base nacional o que compromete a qualidade da identifica o. a partir de
E6_migracao_sugerida,2025.08.15MemriadaReunioCEFIC,2,institutos emissores. tamb m foi debatida a quest o da soberania digital da base de dados sugerindo se sua migra o para armazenamento em territ rio nacional. ficou acordado o agendamento de reuni o espec
E9_graficas,2025.08.15MemriadaReunioCEFIC,3,o credenciamento definitivo das gr ficas permanece previsto para dezembro com in cio das opera es em 2026. foi relatado um problem
E9_graficas,2025.08.15MemriadaReunioCEFIC,3,r tica das grandes ind strias. apontou se a necessidade de respaldo legal para que apenas gr ficas credenciadas possam emitir a cin. no tocante comunica o reiterou se que o foco deve ser a
migracao,2025.08.15MemriadaReunioCEFIC,2,res. tamb m foi debatida a quest o da soberania digital da base de dados sugerindo se sua migra o para armazenamento em territ rio nacional. ficou acordado o agendamento de reuni o espec
E4_segundo_motor,2026-05-13-memoria-da-reuniao-cefic,2,ermos de compromisso com outros estados est o sendo realizadas . informou se tamb m que o segundo motor est sendo adquirido para deduplica o da base e disponibiliza o do sistema aos estados. de
E9_graficas,2026.02.11CEFICMemriadareuniov2,2,ios ajustes e portanto com o cronograma ainda em discuss o . credenciamento definitivo de gr ficas e personalizadoras previs o de delibera o da resolu o na cefic em junho de 2026 . prote o
E9_graficas,2026.02.11CEFICMemriadareuniov2,2,is o de recep o no fluxo em maio e do legado em julho de 2026. auditoria e fiscaliza o de gr ficas e pe rsonalizadoras previs o da delibera o da resolu o em novembro de 2026. ajustes na in
E9_graficas,2026.02.11MemriadaReunioCEFIC,2,rios ajustes e portanto com o cronograma ainda em discuss o. credenciamento definitivo de gr ficas e personalizadoras previs o de delibera o da resolu o na cefic em junho de 2026. prote o
E9_graficas,2026.02.11MemriadaReunioCEFIC,2,is o de recep o no fluxo em maio e do legado em julho de 2026. auditoria e fiscaliza o de gr ficas e pe rsonalizadoras previs o da delibera o da resolu o em novembro de 2026. ajustes na in
E9_graficas,2026.03.12MemriadaReunioCEFIC,2,gas. a casa civil far uma reuni o com o minist rio da sa de. credenciamento definitivo de gr ficas e personalizadoras previs o de realiza o de consulta p blica em abril de 2026 e delibera
E9_graficas,2026.03.12MemriadaReunioCEFIC,2,com os novos gestores do mjsp para alinhamento de cronograma. auditoria e fiscaliza o de gr ficas e personalizadoras comentou se que devem ser analisadas as op es de fiscaliza o que ser o
E9_graficas,2026.03.12MemriadaReunioCEFIC,2,e que devem ser analisadas as op es de fiscaliza o que ser o realizadas nos estados e nas gr ficas considerando o mbito de compet ncia o objeto e as particularidades das auditorias. o tema
E9_graficas,2026.03.12MemriadaReunioCEFIC1,2,gas. a casa civil far uma reuni o com o minist rio da sa de. credenciamento definitivo de gr ficas e personalizadoras previs o de realiza o de consulta p blica em abril de 2026 e delibera
E9_graficas,2026.03.12MemriadaReunioCEFIC1,2,com os novos gestores do mjsp para alinhamento de cronograma. auditoria e fiscaliza o de gr ficas e personalizadoras comentou se que devem ser analisadas as op es de fiscaliza o que ser o
E9_graficas,2026.03.12MemriadaReunioCEFIC1,2,e que devem ser analisadas as op es de fiscaliza o que ser o realizadas nos estados e nas gr ficas considerando o mbito de compet ncia o objeto e as particularidades das auditorias. o tema
E9_graficas,2026.08.11MemriadaReunioCEFIC,2,do vivo dnv e declara o de bito do com os sistemas federais. credenciamento definitivo de gr ficas e personalizadoras a minuta da resolu o est em an lise jur dica no iti. com rela o aos in
E9_graficas,4___reuniao_CEFIC_11_10_2023,4,do gov federal devido falta de estrutura n o poss vel realizar a fiscaliza o controle das gr ficas previstos em decreto. necess rio apresentar uma proposta de estrutura para dar conta dess
E7_aditivar_pf,ata2areuniaodacefic,2,nacional para reconhecimento de documento de viagem. 4.9. o sr eduardo lacerda sugeriu pf aditivar o contrato para a base do abis tenha pelo menos 100 milh es de registros.
E9_graficas,Ata3aReuCEFIC1,3,cnico da cefic a possibilidade de ser feita uma resolu o sobre credenciamento de empresas gr ficas exigindo que essas empresas apresentem requisitos m nimos para que possam participar de p
E9_graficas,ATA8reudacefic11,2,cantins sergipe amap e par n o tem de sistemas informatizados de coletas biom tricas e biogr ficas por esse motivo eles devem iniciar a emiss o da cin somente em mar o de 2023 e os de mais
E9_graficas,ATA8reudacefic11,3,mpletude dos exames de verifica o dos espelhos das carteiras de identidade enviadas pelas gr ficas a pedido da pf ser realizado uma visita t cnica nas gr ficas que foram credenciadas provi
E9_graficas,ATA8reudacefic11,3,de identidade enviadas pelas gr ficas a pedido da pf ser realizado uma visita t cnica nas gr ficas que foram credenciadas provisoriamente a fim de verificar a conformidade dos elementos de
E9_graficas,copy2_of_Memoria1aReuniaoCEFIC20250311v2,3,l sbf na pr xima reuni o da cefic ser apresentada uma minuta do plano de implementa o api gr ficas motor biom trico abis integra o pcin x sbp pcin receber cin vindas do sbf e integra o com
E11_banco_interesse,copy2_of_Memoria1aReuniaoCEFIC20250311v2,3,ocesso de emiss o da cin e para o cidad o uma identifica o mais segura . destaca se que o sistema banc rio tem interesse na evolu o do projeto e futuras integra es. nesse sentido foi recomendada a
E7_aditivar_pf,copy_of_ata2areuniaodacefic,2,nacional para reconhecimento de documento de viagem. 4.9. o sr eduardo lacerda sugeriu pf aditivar o contrato para a base do abis tenha pelo menos 100 milh es de registros.
E9_graficas,copy_of_Ata3aReuCEFIC1,3,cnico da cefic a possibilidade de ser feita uma resolu o sobre credenciamento de empresas gr ficas exigindo que essas empresas apresentem requisitos m nimos para que possam participar de p
E9_graficas,copy_of_ATA8reudacefic11,2,cantins sergipe amap e par n o tem de sistemas informatizados de coletas biom tricas e biogr ficas por esse motivo eles devem iniciar a emiss o da cin somente em mar o de 2023 e os de mais
E9_graficas,copy_of_ATA8reudacefic11,3,mpletude dos exames de verifica o dos espelhos das carteiras de identidade enviadas pelas gr ficas a pedido da pf ser realizado uma visita t cnica nas gr ficas que foram credenciadas provi
E9_graficas,copy_of_ATA8reudacefic11,3,de identidade enviadas pelas gr ficas a pedido da pf ser realizado uma visita t cnica nas gr ficas que foram credenciadas provisoriamente a fim de verificar a conformidade dos elementos de
E9_graficas,copy_of_Memoria1aReuniaoCEFIC20250311v2,3,l sbf na pr xima reuni o da cefic ser apresentada uma minuta do plano de implementa o api gr ficas motor biom trico abis integra o pcin x sbp pcin receber cin vindas do sbf e integra o com
E11_banco_interesse,copy_of_Memoria1aReuniaoCEFIC20250311v2,3,ocesso de emiss o da cin e para o cidad o uma identifica o mais segura . destaca se que o sistema banc rio tem interesse na evolu o do projeto e futuras integra es. nesse sentido foi recomendada a
E9_graficas,copy_of_RelatorioVisitaTecnicaGraficasagosto,2,o presente documento consiste em relat rio t cnico sobre a visita realizada s gr ficas localizadas no estado de s o paulo que possuem credenciamento provis rio junto c mara exe
E9_graficas,copy_of_RelatorioVisitaTecnicaGraficasagosto,3,nar o elabora o de parecer t cnico para subsidiar a cefic no credenciamento das referidas gr ficas. ainda no sentido de subsidiar a decis o da cefic foi solicitada a apresenta o de nota fi
E9_graficas,copy_of_RelatorioVisitaTecnicaGraficasagosto,10,item 18 naturalidade / place of birth o texto pr impresso previsto com 29 posi es mas as gr ficas apontaram que h limita o de 23 caracteres. em duas gr ficas os modelos apresentam um mapa
E9_graficas,copy_of_RelatorioVisitaTecnicaGraficasagosto,10,revisto com 29 posi es mas as gr ficas apontaram que h limita o de 23 caracteres. em duas gr ficas os modelos apresentam um mapa vazado em branco na posi o dedicada impress o do mapa em ti
E9_graficas,copy_of_RelatorioVisitaTecnicaGraficasagosto,11,e n o afetam a continuidade do projeto. revis o do manual e encaminhamento concomitante s gr ficas e aos estados que fazem parte do projeto piloto. inclus o no manual da altura de transi o
E9_graficas,copy_of_RelatorioVisitaTecnicaGraficasagosto,12,cidad o visa assegurar que as pessoas jur dicas que prestam servi os na rea de impress es gr ficas possuam as condi es t cnicas m nimas estipuladas para a emiss o da carteira de identidade
E9_graficas,D11797,2,ca federal direta aut rquica e fundacional i possibilitar o acesso aos dados das bases biogr ficas e biom tricas aprovadas pela cefic ii autenticar os dados de identifica o e os dados cada
E9_graficas,D11797,6,iscaliza o dos entes p blicos e privados sobre sistemas biom tricos de personaliza o e de gr ficas no mbito da expedi o da carteira de identidade ii operacionalizar os processos previstos
E9_graficas,Memoria1aReuniaoCEFIC20250311v2,3,l sbf na pr xima reuni o da cefic ser apresentada uma minuta do plano de implementa o api gr ficas motor biom trico abis integra o pcin x sbp pcin receber cin vindas do sbf e integra o com
E11_banco_interesse,Memoria1aReuniaoCEFIC20250311v2,3,ocesso de emiss o da cin e para o cidad o uma identifica o mais segura . destaca se que o sistema banc rio tem interesse na evolu o do projeto e futuras integra es. nesse sentido foi recomendada a
E8_teste_nacional,Memoria2aReuniaoCEFIC20250422,2,presenta o anexa a esta mem ria. em acr scimo ao planejamento foi proposta a cria o de um teste nacional de acur cia de motores biom tricos para reduzir a depend ncia de padr es internacionais n
E9_graficas,Memoria2aReuniaoCEFIC20250422,2,ro. foi sugerido pelo coordenador da cefic que a entrega do credenciamento definitivo das gr ficas fosse antecipada para 2025 mesmo que mantendo um vacatio legis para 2026 com tempo para q
E9_graficas,Memoria2aReuniaoCEFIC20250422,3,nstru o do plano de comunica o 6.3 discuss o e matura o do processo de credenciamento das gr ficas no gt2. 6.4 valida o da proposta de cronograma de entregas at dezembro de 2025. 6.5 apres
E9_graficas,Memoria3aReuniaoCEFIC202505131,2,t cnicos locais. as informa es foram organizadas em cinco eixos sistema biom trico gr ficas integradoras emiss o da cin a es coletivas mutir es e gest o do fundo nacional de seguran
E9_graficas,Memoria3aReuniaoCEFIC202505131,2,ados que emitem aqu m da capacidade contratual ou t cnica e a gest o dos contratos com as gr ficas. ponderado a necessidade de planejamento para evitar interrup es no servi o e garantir cl
E9_graficas,MICIN_VERSO_Enviada_PUBLICAO_RESOLUO_24.2025,1,6/83 art. 3 do decreto n 10.977/2022 art.5 do decreto n 11.797/2023. 1 1..1 informa es biogr ficas do titular se o 2 1..1 prenome / given names caracteres alfanum ricos alfabeto latino pad
migracao,Minuta_RIPD_SIC_GOV_BR1,51,stes de backup longo prazo 360 serpro jan/23 previs o de in cio do planejamento depois da migra o aws backup offsite n o priorizado 360 serpro necess rio questionamento com outras reas ri
migracao,Minuta_RIPD_SIC_GOV_BR1,51,rpro demanda 2787325 separar credenciais de logs curto prazo 40 serpro jan/23 previs o na migra o aws cabe alho sri m dio prazo 120 serpro jan/23 previs o de in cio do planejamento depois
migracao,Minuta_RIPD_SIC_GOV_BR1,51,cabe alho sri m dio prazo 120 serpro jan/23 previs o de in cio do planejamento depois da migra o aws anonimiza o n o priorizado 360 serpro/sgd necessita estudo notifica o de atualiza o d
migracao,publicacao_dou_resolucao_no_21__de_6_de_fevereiro_de_2025___resolucao_no_21__de_6_de_fevereiro_de_2025___dou___imprensa_nacional,3,.2.2.1. o resultado da fnir a um fpir xo de 0 001 deve ser 0 0085 ou menos para o teste immigration visa border realizado sobre um tamanho de banco de dados de 1.600.000. servi o de prova
E9_graficas,RelatorioVisitaTecnicaGraficasagosto,2,o presente documento consiste em relat rio t cnico sobre a visita realizada s gr ficas localizadas no estado de s o paulo que possuem credenciamento provis rio junto c mara exe
E9_graficas,RelatorioVisitaTecnicaGraficasagosto,3,nar o elabora o de parecer t cnico para subsidiar a cefic no credenciamento das referidas gr ficas. ainda no sentido de subsidiar a decis o da cefic foi solicitada a apresenta o de nota fi
E9_graficas,RelatorioVisitaTecnicaGraficasagosto,10,item 18 naturalidade / place of birth o texto pr impresso previsto com 29 posi es mas as gr ficas apontaram que h limita o de 23 caracteres. em duas gr ficas os modelos apresentam um mapa
E9_graficas,RelatorioVisitaTecnicaGraficasagosto,10,revisto com 29 posi es mas as gr ficas apontaram que h limita o de 23 caracteres. em duas gr ficas os modelos apresentam um mapa vazado em branco na posi o dedicada impress o do mapa em ti
E9_graficas,RelatorioVisitaTecnicaGraficasagosto,11,e n o afetam a continuidade do projeto. revis o do manual e encaminhamento concomitante s gr ficas e aos estados que fazem parte do projeto piloto. inclus o no manual da altura de transi o
E9_graficas,RelatorioVisitaTecnicaGraficasagosto,12,cidad o visa assegurar que as pessoas jur dicas que prestam servi os na rea de impress es gr ficas possuam as condi es t cnicas m nimas estipuladas para a emiss o da carteira de identidade
migracao,res21,3,.2.2.1. o resultado da fnir a um fpir xo de 0 001 deve ser 0 0085 ou menos para o teste immigration visa border realizado sobre um tamanho de banco de dados de 1.600.000. servi o de prova
E9_graficas,visita-tecnica-2023-3,2,o presente documento consiste em relat rio t cnico sobre a visita realizada s gr ficas ice cart es especiais e contiplan localizadas no estado de s o paulo que possuem credenci
E9_graficas,visita-tecnica-2023-3,3,tinam elabora o de parecer t cnico para subsidiar a cefic no credenciamento das referidas gr ficas. nesse contexto destaca se que ainda no sentido de subsidiar a decis o da cefic foi solic
E9_graficas,visita-tecnica-2023-3,4,14298 que especifica requisitos para um sistema de gest o de impress o de seguran a para gr ficas e a certifica o nbr 15540 que preconiza que procedimentos de produ o de impressos de segu
E9_graficas,visita-tecnica-2023-3,8,14298 que especifica requisitos para um sistema de gest o de impress o de seguran a para gr ficas e a certifica o nbr 15540 que preconiza que procedimentos de produ o de impressos de segu
