arquivo,sha12,paginas,bytes,ordinal,tipo,data_doc,ano
1-reunic-ordinaria-15_05_2024,38adb2ca689c,4,268724,1.0,extraordinaria,15/05/2024,
2024-05-15-memoria-1a-reuniao-ordinaria-cefic1-1,1a2bc4eb66bd,3,142497,1.0,extraordinaria,15/05/2024,
2024-07-02_memoria-de-reuniao-2a-reuniao-ordinaria-cefic,54cd823e364c,2,130920,,,02/07/2024,
2024-10-01_memoria-de-reuniao-4a-reuniao-cefic,29fddd927559,2,118017,5.0,extraordinaria,01/10/2024,
2024-12-03_memoria-de-reuniao-5a-reuniao-cefic,5844aff91eb5,2,159263,5.0,ordinaria,03/12/2024,
2024-12-19_memoria-de-reuniao-3a-reuniao-extraordinaria-cefic,e38cad943462,2,145637,3.0,extraordinaria,19/12/2024,
2025.06.10MemriadaReunioCEFICFINAL,47c0846bd927,2,186563,4.0,ordinaria,10/06/2025,2025.0
2025.07.10MemriadaReunioCEFIC1revisado,8097d74c4855,2,161539,5.0,ordinaria,10/07/2025,2025.0
2025.07.10MemriadaReunioCEFIC_FINAL,5e96f796a398,2,290317,5.0,ordinaria,10/07/2025,2025.0
2025.08.15MemriadaReunioCEFIC,b78691578efd,3,218278,6.0,ordinaria,15/08/2025,2025.0
2025.09.09MemriadaReunioCEFIC,d07b164d3397,3,239168,7.0,ordinaria,09/09/2025,2025.0
2025.12.09MemriaCefic,eb8be57221da,3,629559,8.0,ordinaria,09/12/2025,2025.0
2025.12.16CEFICMemriadareunio,a738bc68a827,1,251564,1.0,extraordinaria,16/12/2025,2025.0
2026-05-13-memoria-da-reuniao-cefic,1c178c2bfba2,2,327720,4.0,ordinaria,13/05/2026,2026.0
2026-06-16-memoria-da-reuniao-cefic,54f086a8b72d,2,296029,5.0,ordinaria,16/06/2026,2026.0
2026.02.11CEFICMemriadareuniov2,5d10592032e3,3,294728,1.0,ordinaria,11/02/2026,
2026.02.11MemriadaReunioCEFIC,abfe76e8ba71,3,312091,1.0,ordinaria,11/02/2026,2026.0
2026.02.26CEFICMemriadeReunioVirtual,ad4e0df74f22,1,239616,1.0,extraordinaria,26/02/2026,2026.0
2026.03.12MemriadaReunioCEFIC,3a82b98359b2,3,349195,2.0,ordinaria,12/03/2026,2026.0
2026.03.12MemriadaReunioCEFIC1,94f7701743a1,3,349121,2.0,ordinaria,12/03/2026,2026.0
2026.04.16MemriadaReunioCEFIC,13e373baecce,2,314103,3.0,ordinaria,16/04/2026,2026.0
2026.04.16MemriadaReunioCEFIC1,062313a94d1b,2,307542,3.0,ordinaria,16/04/2026,2026.0
2026.04.17MemriadaReunioVirtualCEFIC,43a75504e4e7,1,251240,2.0,extraordinaria,17/04/2026,2026.0
2026.07.14MemriadaReunioCEFIC,cfedf1daf22b,2,295274,6.0,ordinaria,14/07/2026,2026.0
2026.08.11MemriadaReunioCEFIC,4cb677321784,2,296270,7.0,ordinaria,11/08/2026,2026.0
3_reuniao_cefic_10_08_2023,c80ff89fa5ad,4,202455,1.0,ordinaria,10/08/2023,
5_reuniao_cefic_2023_12_21,e0621f46007b,3,136565,5.0,ordinaria,21/12/2023,
ATA8reudacefic11,f2ebb79ec2b3,3,497289,8.0,ordinaria,11/08/2022,
Ata3aReuCEFIC1,b85a1fa97326,3,595139,1.0,ordinaria,05/05/2022,
Ata4aReu_CEFIC1,426d94ac18c9,3,789588,4.0,ordinaria,11/05/2022,
Ata5aReu_CEFICv4,a464fe5be99f,3,531592,5.0,extraordinaria,18/05/2022,
Atada6reuniaoCEFIC.v2,2f9a785afb46,3,170518,6.0,ordinaria,31/05/2022,
Atada7reuniaoCEFIC.v2,b7c0cf02aa8f,2,176236,7.0,ordinaria,31/05/2022,
Memoria1aReuniaoCEFIC20250311v2,276e77fe541c,4,411338,1.0,ordinaria,11/03/2025,
Memoria2aReuniaoCEFIC20250422,e530239ebad5,3,159297,2.0,ordinaria,22/04/2025,
Memoria3aReuniaoCEFIC202505131,a6af9336cf01,2,180706,3.0,ordinaria,13/05/2025,
ata2areuniaodacefic,64b3ae8b4ebd,3,171607,2.0,ordinaria,24/03/2022,
ata_1_14mar22,a8987ff74100,5,189152,1.0,ordinaria,14/03/2022,
