familia,arquivo,pagina,termo,trecho,corpus_do_artigo
interoperabilidade,2024-08-06_memoria-de-reuniao-3a-reuniao-ordinaria-cefic,2,interoperab,nformações de saúde do MI podem ser coletadas/checadas pelos sistemas do SUS por meio da interoperabilidade. O objetivo é a padronização das informações e não dos sistemas de informações.,True
interoperabilidade,2024-12-03_memoria-de-reuniao-5a-reuniao-cefic,2,interoperab,m passar pelo processo de legislativo para prorrogação do prazo. Diagnóstico das bases e interoperabilidade será apresentado na próxima reunião. MJSP apresentou o aplicativo para leitura,True
interoperabilidade,ATA8reudacefic11,2,interoperab,"do cidadão e a possibilidade de “higienização” dos bancos de dados públicos, por meio da interoperabilidade da base de dados da CIN com as bases de dados (cadastros) dos Ministérios, há gra",True
interoperabilidade,D10900,2,interoperab,"e 14 de agosto de 2018, na proteção e na limitação do acesso a dados pessoais. Art. 5º A interoperabilidade com a base de dados da Identidade Civil Nacional - ICN, de que trata a Lei nº 13.4",False
interoperabilidade,D10900,3,interoperab,o dos Estados e do Distrito Federal. § 2º O número do CPF será utilizado como chave para interoperabilidade das bases biométricas. CAPÍTULO III DA GOVERNANÇA Seção I Da Câmara-Executiva Fe,False
interoperabilidade,D10900,4,interoperab,"elo Decreto nº 10.977, de 2022) Vigência b) os requisitos de segurança, integridade e interoperabilidade; (Incluído pelo Decreto nº 10.977, de 2022) Vigência c) os padrões biom",False
interoperabilidade,D10900,8,interoperab,avaliação da satisfação dos usuários da Plataforma gov.br; VII - adotar o barramento de interoperabilidade da Plataforma gov.br para integração dos sistemas e das bases de dados dos órgãos,False
interoperabilidade,D10900,8,interoperab,".... I - atenderá aos requisitos de segurança, integridade, validade jurídica e interoperabilidade, nos termos previstos nas normas editadas pela CEFIC; e ..........................",False
interoperabilidade,D10977,1,interoperab,"tos Art. 8º A Carteira de Identidade atenderá aos requisitos de segurança, integridade e interoperabilidade estabelecidos pela Câmara-Executiva Federal de Identificação do Cidadão - CEFIC. R",False
interoperabilidade,D10977,2,interoperab,"es de expedição em formato físico e digital; b) os requisitos de segurança, integridade e interoperabilidade; c) os padrões biométricos a serem utilizados; d) as informações sobre saúde a ser",False
interoperabilidade,D10977,6,interoperab,"ital atenderá aos requisitos de segurança, integridade, padronização, validade jurídica e interoperabilidade, observado o disposto em recomendações a serem estabelecidas pela Câmara-Executiva",False
interoperabilidade,D11797,4,interoperab,"métrica na expedição do modelo do documento; c) os requisitos de segurança, integridade e interoperabilidade; d) os padrões biométricos a serem utilizados; e) as informações sobre saúde a ser",False
interoperabilidade,L13709,15,interoperab,"das normas sobre a matéria. Art. 40. A autoridade nacional poderá dispor sobre padrões de interoperabilidade para fins de portabilidade, livre acesso aos dados e segurança, assim como sobre o",False
interoperabilidade,L14534,3,interoperab,"entificação; e II - 24 (vinte e quatro) meses, para que os órgãos e as entidades tenham a interoperabilidade entre os cadastros e as bases de dados a partir do número de inscrição no CPF. Bra",False
interoperabilidade,Memoria1aReuniaoCEFIC20250311v2,2,interoperab,"das alternativas de estímulo aos estados para realização de ajustes em seus sistemas com interoperabilidade com o B-Cadastro para possibilitar a inscrição e alteração de CPF, tais como: tra",True
interoperabilidade,Memoria1aReuniaoCEFIC20250311v2,2,interoperab,"identificação de dificuldades e limitações administrativas, contratuais e financeiras à interoperabilidade dos sistemas. Foi apresentada pelo MJSP, uma planilha de “Dados do Fundo Nacion",True
interoperabilidade,Minuta_RIPD_SIC_GOV_BR1,20,interoperab,"o da conta, aumento do nível de confiabilidade da conta, na autenticação do titular, na interoperabilidade dos dados entre órgãos públicos, que ocorre por meio da autenticação, na alteraçã",False
interoperabilidade,Minuta_RIPD_SIC_GOV_BR1,35,interoperab,dos Estados e do Distrito Federal. § 2º O número do CPF será utilizado como chave para interoperabilidade das bases biométricas. ===== [pag 36] ===== MINISTÉRIO DA ECONOMIA Decret,False
interoperabilidade,Minuta_RIPD_SIC_GOV_BR1,36,interoperab,"ançados, por meio da Estratégia de Governo Digital incluem: - promover a integração e a interoperabilidade das bases de dados governamentais; - disponibilizar a identificação digital ao c",False
interoperabilidade,res20,1,interoperab,"onal da Carteira de Identidade Nacional - CIN, como requisito de segurança, integridade e interoperabilidade do Serviço de Identiﬁcação do Cidadão. § 1º Os objetivos, o escopo, os conteúdos e",True
interoperabilidade,res21,3,interoperab,"dos algoritmos do motor biométrico, integrados por meio de um sistema que permita a interoperabilidade entre diferentes tecnologias; 3.3. possuir, no mínimo, dois sítios operacionais em",True
interoperabilidade,res24,1,interoperab,"l da Carteira de Identidade Nacional - MI-CIN, como requisito de segurança, integridade e interoperabilidade do Serviço de Identiﬁcação do Cidadão - SIC. Parágrafo único. O conteúdo e as estr",True
interoperabilidade,res4,2,interoperab,"ÃO AO PROGRAMA CONECTA GOV Assunto: Solicitação de adesão ao programa Conecta gov.br para interoperabilidade dos dados: conferência biométrica e biográﬁca dos cidadãos, de acordo com o decret",True
interoperabilidade,res4,2,interoperab,"s na prestação e no controle dos serviços públicos e da eliminação, inclusive por meio da interoperabilidade de dados, das exigências desnecessárias ao usuário quanto à apresentação de inform",True
interoperabilidade,res4,2,interoperab,"e fevereiro de 2022, em seu artigo 8º. 3. Solicito adesão ao programa Conecta gov.br para interoperabilidade, conforme detalhamento a seguir: I - Identiﬁcação a. Responsável pelo Instituto qu",True
interoperabilidade,res4,4,Interoperab,"ssar a API, o representante técnico do órgão será habilitado na Plataforma de Interoperabilidade do Conecta gov.br e deverá gerar as chaves de acesso às API com assinatura do term",True
interoperabilidade,res7,1,interoperab,"al, dos Órgãos de Identiﬁcação e de outros Poderes, e que no âmbito da expedição da CIN a interoperabilidade entre as bases permite que sejam encontradas divergências biográﬁcas e biométricas",True
multifornecedor_segundo_motor,2026-05-13-memoria-da-reuniao-cefic,2,segundo motor,mos de compromisso com outros estados estão sendo realizadas . Informou-se também que o segundo motor está sendo adquirido para deduplicação da base e disponibilização do sistema aos estados,True
multifornecedor_segundo_motor,res21,3,mais de um fornecedor,"tecnológica: 3.1. estar hospedado em território nacional; 3.2. ter, preferencialmente, mais de um fornecedor dos algoritmos do motor biométrico, integrados por meio de um sistema que permita a",True
concorrencia,L13709,1,concorrência,"o desenvolvimento econômico e tecnológico e a inovação; VI - a livre iniciativa, a livre concorrência e a defesa do consumidor; e VII - os direitos humanos, o livre desenvolvimento da persona",False
concorrencia,L13709,11,concorrência,"o. Art. 24. As empresas públicas e as sociedades de economia mista que atuam em regime de concorrência, sujeitas ao disposto no art. 173 da Constituição Federal , terão o mesmo tratamento disp",False
concorrencia,Memoria2aReuniaoCEFIC20250422,2,concorrência,"e o Serviço Biométrico Federal (SBF), ajustando parâmetros técnicos para garantir maior concorrência nas contratações, sem prejuízo da qualidade. A segunda abordou ajustes no modelo informa",True
soberania,2025.08.15MemriadaReunioCEFIC,2,soberan,"rões técnicos por parte de alguns institutos emissores. Também foi debatida a questão da soberania digital da base de dados, sugerindo-se sua migração para armazenamento em território na",True
soberania,L12527,7,soberan,as informações cuja divulgação ou acesso irrestrito possam: I - pôr em risco a defesa e a soberania nacionais ou a integridade do território nacional; II - prejudicar ou pôr em risco a co,False
soberania,L12527,11,soberan,"r prazo determinado, enquanto o seu acesso ou divulgação puder ocasionar ameaça externa à soberania nacional ou à integridade do território nacional ou grave risco às relações internacion",False
territorio_nacional,2025.08.15MemriadaReunioCEFIC,2,território nacional,"ão da soberania digital da base de dados, sugerindo-se sua migração para armazenamento em território nacional. Ficou acordado o agendamento de reunião específica para avaliação técnica da base biomé",True
territorio_nacional,ata2areuniaodacefic,2,território nacional,"comunicação com os países do MERCOSUL, para comunicar quais documentos estão em vigor no território nacional, para reconhecimento de documento de viagem. 4.9. O Sr Eduardo Lacerda sugeriu à PF adi",True
territorio_nacional,D10977,1,território nacional,"ação Civil. Validade Art. 2º A Carteira de Identidade tem fé pública, validade em todo o território nacional e constitui documento de identidade válido para todos os fins legais. Parágrafo único. A",False
territorio_nacional,D10977,1,território nacional,"; VIII - a assinatura do dirigente do órgão expedidor; IX - a expressão “Válida em todo o território nacional”; X - a data de validade, o local e a data de expedição do documento; XI - o código de ba",False
territorio_nacional,L12527,7,território nacional,irrestrito possam: I - pôr em risco a defesa e a soberania nacionais ou a integridade do território nacional; II - prejudicar ou pôr em risco a condução de negociações ou as relações internacionais,False
territorio_nacional,L12527,11,território nacional,"sso ou divulgação puder ocasionar ameaça externa à soberania nacional ou à integridade do território nacional ou grave risco às relações internacionais do País, observado o prazo previsto no § 1º do",False
territorio_nacional,L13709,1,território nacional,"e estejam localizados os dados, desde que: I - a operação de tratamento seja realizada no território nacional; II - a atividade de tratamento tenha por objetivo a oferta ou o fornecimento de bens ou",False
territorio_nacional,L13709,1,território nacional,o fornecimento de bens ou serviços ou o tratamento de dados de indivíduos localizados no território nacional; II - a atividade de tratamento tenha por objetivo a oferta ou o fornecimento de bens ou,False
territorio_nacional,L13709,1,território nacional,"o fornecimento de bens ou serviços ou o tratamento de dados de indivíduos localizados no território nacional; ou (Redação dada pela Medida Provisória nº 869, de 2018) II - a atividade d",False
territorio_nacional,L13709,1,território nacional,"o fornecimento de bens ou serviços ou o tratamento de dados de indivíduos localizados no território nacional; ou (Redação dada pela Lei nº 13.853, de 2019)Vigência III - os dados pessoais objeto",False
territorio_nacional,L13709,1,território nacional,"3, de 2019)Vigência III - os dados pessoais objeto do tratamento tenham sido coletados no território nacional. § 1º Consideram-se coletados no território nacional os dados pessoais cujo titular nele",False
territorio_nacional,L13709,1,território nacional,tratamento tenham sido coletados no território nacional. § 1º Consideram-se coletados no território nacional os dados pessoais cujo titular nele se encontre no momento da coleta. L13709 https://www.,False
territorio_nacional,L13709,2,território nacional,"ividades de investigação e repressão de infrações penais; ou IV - provenientes de fora do território nacional e que não sejam objeto de comunicação, uso compartilhado de dados com agentes de tratamen",False
territorio_nacional,L13709,4,território nacional,"pública responsável por zelar, implementar e fiscalizar o cumprimento desta Lei em todo o território nacional. (Redação dada pela Lei nº 13.853, de 2019) Vigência XIX - autoridade nacional: en",False
territorio_nacional,L13709,4,território nacional,"pública responsável por zelar, implementar e fiscalizar o cumprimento desta Lei em todo o território nacional. (Redação dada pela Medida Provisória nº 1.317, de 2025) XIX - autoridade nacional: en",False
territorio_nacional,L13709,4,território nacional,"pública responsável por zelar, implementar e fiscalizar o cumprimento desta Lei em todo o território nacional. (Redação dada pela Lei nº 15.352, de 2026) Art. 6º As atividades de tratamento de da",False
territorio_nacional,L7116,1,território nacional,"ão dos Estados, do Distrito Federal e dos Territórios tem fé pública e validade em todo o território nacional. Art 2º - Para a expedição da Carteira de Identidade de que trata esta Lei não será exigi",False
territorio_nacional,L7116,2,território nacional,s de Identidade emitidas anteriormente à vigência desta Lei continuarão válidas em todo o território nacional. Art 12 - Esta Lei entra em vigor na data de sua publicação. Art 13 - Revogam-se as dispo,False
territorio_nacional,MICIN_VERSO_Enviada_PUBLICAO_RESOLUO_24.2025,3,território nacional,"o titular, conforme IBGE Países. Regras Negociais: - Nos casos de titular nascido fora do território nacional (estrangeiro naturalizado, brasileiro nascido fora do território nacional, ou português",False
territorio_nacional,MICIN_VERSO_Enviada_PUBLICAO_RESOLUO_24.2025,3,território nacional,"ascido fora do território nacional (estrangeiro naturalizado, brasileiro nascido fora do território nacional, ou português equiparado, obrigatoriamente, deve ser indicado o país de nascimento pela",False
territorio_nacional,MICIN_VERSO_Enviada_PUBLICAO_RESOLUO_24.2025,3,território nacional,"de nascimento pela tabela atualizada de Países IBGE. - Para brasileiros nascidos fora do território nacional e em país não reconhecido pelo Brasil, deve-se registrar o país reconhecido pelo Brasil",False
territorio_nacional,Minuta_RIPD_SIC_GOV_BR1,30,território nacional,geográfica do tratamento Os dados pessoais associados à conta do gov.br são tratados em território nacional (Brasil). 3.3 – CONTEXTO DO TRATAMENTO Nesta seção são destacados: • natureza do rel,False
territorio_nacional,res2,1,território nacional,"obrigatoriamente, nas dependências de uma única unidade fabril, localizada em território nacional, não podendo serem produzidas separadamente, visando a segurança das Cédulas d",True
territorio_nacional,res2,2,território nacional,"lvimento da solução deverá ser executado obrigatoriamente nas dependências, localizada em território nacional, da empresa credenciada. § 3º O presente credenciamento provisório terá validade",True
territorio_nacional,res21,3,território nacional,"eguintes requisitos de infraestrutura e de solução tecnológica: 3.1. estar hospedado em território nacional; 3.2. ter, preferencialmente, mais de um fornecedor dos algoritmos do motor bi",True
territorio_nacional,res23,8,território nacional,"7 of 23 4/27/2026, 3:23 PM ===== [pag 8] ===== - Nos casos de titular nascido(a) fora do território nacional (estrangeiro(a) naturalizado(a), brasileiro(a) nascido(a) fora do território nacional, ou",True
territorio_nacional,res23,8,território nacional,"do território nacional (estrangeiro(a) naturalizado(a), brasileiro(a) nascido(a) fora do território nacional, ou português(a) equiparado(a)), obrigatoriamente, deve ser indicado o país de nascimento",True
territorio_nacional,res23,8,território nacional,"imento pela tabela atualizada de Países IBGE. - Para brasileiros(as) nascidos(as) fora do território nacional e em país não reconhecido pelo Brasil, deve- se registrar o país reconhecido pelo Brasil",True
territorio_nacional,res24,6,território nacional,"do titular, conforme IBGE Países.Regras Negociais:- Nos casos de titular nascido fora do território nacional (estrangeiro naturalizado, 3 caracteres. 3 caracteres. RESOLUÇÃO Nº 24, de 8 DE SETEMBRO",True
territorio_nacional,res24,7,território nacional,"-2025-655731771 6 of 22 4/27/2026, 3:24 PM ===== [pag 7] ===== brasileiro nascido fora do território nacional, ou português equiparado, obrigatoriamente, deve ser indicado o país de nascimento pela t",True
territorio_nacional,res24,7,território nacional,"s de nascimento pela tabela atualizada de Países IBGE.- Para brasileiros nascidos fora do território nacional e em país não reconhecido pelo Brasil, deve-se registrar o país reconhecido pelo Brasil e",True
blockchain,res30,1,blockchain,"stentes nos órgãos intervenientes de emissão da CIN. Art. 4º O SCF-CIN adotará tecnologia blockchain. §1º Os órgãos executores do SIC e os OICs registrarão na redeblockchain, nas etapas de s",True
blockchain,res30,1,blockchain,"otará tecnologia blockchain. §1º Os órgãos executores do SIC e os OICs registrarão na redeblockchain, nas etapas de sua responsabilidade, as informações geradas no âmbito de suas com",True
blockchain,res30,1,blockchain,"o âmbito de suas competências conforme diagrama da ""máquina de estados"". §2º A redeblockchaindo SCF-CIN permitirá aos órgãos executores do SIC e OICs acesso integral ao conjunto dos d",True
blockchain,res30,1,blockchain,"abrangência nacional, poderão ser incluídas, mediante aprovação da Ceﬁc, como nós na rede blockchain SCF-CIN para registro dos resultados dessas validações. Art. 5º O controle do ﬂuxo de emi",True
blockchain,res4,3,Blockchain,de do compartilhamento e das ﬁnalidades de uso dos dados solicitados: Nome da API ou Rede Blockchain Solicitada Volumetria Anual Solicitada Finalidade do Tratamento de Dados -Conferência Bio,True
bancos,Memoria1aReuniaoCEFIC20250311v2,2,bancári,"astro para possibilitar a inscrição e alteração de CPF, tais como: tratativas com a rede bancária, setor terciário, Febraban, Serasa e outros atores importantes. O colegiado sugere um",True
bancos,Memoria1aReuniaoCEFIC20250311v2,2,Febraban,"nscrição e alteração de CPF, tais como: tratativas com a rede bancária, setor terciário, Febraban, Serasa e outros atores importantes. O colegiado sugere um a articulação e diagnóstic",True
bancos,Memoria1aReuniaoCEFIC20250311v2,2,Serasa,"e alteração de CPF, tais como: tratativas com a rede bancária, setor terciário, Febraban, Serasa e outros atores importantes. O colegiado sugere um a articulação e diagnóstico dos es",True
bancos,Memoria1aReuniaoCEFIC20250311v2,3,bancári,"issão da CIN, e para o cidadão, uma identificação mais segura . Destaca-se que o sistema bancário tem interesse na evolução do projeto e futuras integrações. Nesse sentido, foi recomend",True
bancos,Memoria1aReuniaoCEFIC20250311v2,3,Febraban,"s integrações. Nesse sentido, foi recomendada a inclusão do tópico de articulação com a Febraban, no cronograma. 5. Encaminhamentos 5.1. A proposta do Planejamento CEFIC para 2025",True
bancos,Minuta_RIPD_SIC_GOV_BR1,9,bancári,"por meio de bancos credenciados, é necessário que o titular se autentique com sua conta bancária, através de Bancos credenciados ao Serviço conta gov.br, neste processo, o Banco compar",False
fomento,2025.08.15MemriadaReunioCEFIC,3,fomento,"rou -se que o foco deve ser a apresentação da CIN à sociedade. Quanto à capacitação e ao fomento à pesquisa, foram mencionadas visitas técnicas realizadas a diversos institutos emissores",True
fomento,2026-05-13-memoria-da-reuniao-cefic,2,Fomento,"a apresentação dos informes gerais. Foram destacados os avanços do Programa Nacional de Fomento à Gestão e Emissão da Carteira de Identidade Nacional - ProCIN, por meio da efetivação do",True
fomento,L12527,1,fomento,III - utilização de meios de comunicação viabilizados pela tecnologia da informação; IV - fomento ao desenvolvimento da cultura de transparência na administração pública; V - desenvolvime,False
fomento,L12527,12,fomento,a federal responsável: I - pela promoção de campanha de abrangência nacional de fomento à cultura da transparência na administração pública e conscientização do direito fun,False
acuracia,Memoria2aReuniaoCEFIC20250422,2,acurácia,"a memória. Em acréscimo ao planejamento, foi proposta a criação de um teste nacional de acurácia de motores biométricos para reduzir a dependência de padrões internacionais no sistema b",True
acuracia,res21,2,Acurácia,"chnology Evaluation (FRTE) 1:N para face e o MINEX III para impressões digitais; e 1.1.2. Acurácia: 1.1.2.1. quanto às impressões digitais, de acordo com o teste FpVTE (Fingerpr",True
acuracia,res22,1,acurácia,"centes testes do NIST, para, quando da sua publicação, o processo de aferição da acurácia possa ser realizado na proporção descrita nesta Resolução"" (NR). Art. 2º Esta Resolução e",True
nist_nfiq,MICIN_VERSO_Enviada_PUBLICAO_RESOLUO_24.2025,7,NIST,"utados ou dedos que não estavam disponíveis, no momento da captura, conforme padrão ANSI/NIST-ITL 1-2011. Regras negociais: - Campo obrigatório quando houver menos de 10 fotografias d",False
nist_nfiq,res21,2,NIST,"ões Técnicos Biométricos: 1.1.1.1 Os dados da impressão digital devem atender aos padrões NIST Fingerprint Image Quality (NFIQ) 2, de acordo com a ISO/IEC 29794-4; 1.1.1.2. Os dados da",True
nist_nfiq,res21,2,NFIQ,"1 Os dados da impressão digital devem atender aos padrões NIST Fingerprint Image Quality (NFIQ) 2, de acordo com a ISO/IEC 29794-4; 1.1.1.2. Os dados da face serão submetidos ao padrão",True
nist_nfiq,res21,2,NIST,"1.1.3. O algoritmo do motor biométrico deverá seguir os padrões e testes mais recentes do NIST, especiﬁcamente o Face Recognition Technology Evaluation (FRTE) 1:N para face e o MINEX I",True
nist_nfiq,res21,2,NIST,"gitais, de acordo com o teste FpVTE (Fingerprint Vendor Technology Evaluation) (NIST.IR.8034), seu substituto FRIF TE E1N (Friction Ridges Image and FeaturesTechnolo",True
nist_nfiq,res21,3,NIST,"do teste FpVTE (tabela 15). 1.1.2.2. quanto às imagens faciais, de acordo com o teste do NIST FRTE 1:N Identiﬁcation, ou posterior: 1.1.2.2.1. o resultado da FNIR a um FPIR ﬁxo de 0,0",True
nist_nfiq,res22,1,NIST,"o motor biométrico deve comprovar a sua participação nos mais recentes testes do NIST, para, quando da sua publicação, o processo de aferição da acurácia possa ser reali",True
nist_nfiq,res23,16,NIST,"putados ou dedos que não estavam disponíveis, no momento da captura, conforme padrão ANSI/NIST-ITL 1-2011. Sem representação. Sem representação. Art. 3º, f, da Lei nº 7.116/83;Art. 11,",True
nist_nfiq,res24,15,NIST,"putados ou dedos que não estavam disponíveis, no momento da captura, conforme padrão ANSI/NIST-ITL Sem representação. Sem representação. Art. 3º, f, da Lei nº 7.116/83; Art. 11, VII, d",True
policiafederal_aditivo,2026.02.11CEFICMemriadareuniov2,2,Aditiv,"2021 , vencerá em março de 2026, e a proposta é prorrogar por mais cinco anos. O Termo Aditivo apresenta as seguintes alterações: a) a titularidade dos partícipes: de ""Secretaria -Ge",True
policiafederal_aditivo,ata2areuniaodacefic,2,aditiv,"nal, para reconhecimento de documento de viagem. 4.9. O Sr Eduardo Lacerda sugeriu à PF aditivar o contrato para a base do ABIS tenha pelo menos 100 milhões de registros. ===== [pa",True
graficas,1-reunic-ordinaria-15_05_2024,3,Gráficas,Setembro: credenciamento de instituições públicas e empresas privadas para atuarem como Gráficas da CIN; - Outubro: regras de captura/coleta e armazenamento de dados biométricos para a,True
graficas,2024-08-06_memoria-de-reuniao-3a-reuniao-ordinaria-cefic,1,Gráficas,edida Provisória ou Projeto de Lei para Lei 14.534/23. V. Resolução de Credenciamento de Gráficas para Nov/24. VI. Apresentação da projeção de CIN com investimento de 285 milhões de reai,True
graficas,2025.08.15MemriadaReunioCEFIC,3,gráficas,"ico, sem atualização em tempo real. ===== [pag 3] ===== O credenciamento definitivo das gráficas permanece previsto para dezembro, com início das operações em 2026. Foi relatado um prob",True
graficas,2025.08.15MemriadaReunioCEFIC,3,gráficas,"ática das grandes indústrias. Apontou- se a necessidade de respaldo legal para que apenas gráficas credenciadas possam emitir a CIN. No tocante à comunicação, reiterou -se que o foco de",True
graficas,2025.12.09MemriaCefic,3,gráﬁcas,"acelerar o ﬂuxo de emissão do documento. ===== [pag 3] ===== Quanto ao credenciamento de gráﬁcas e personalizadoras, informou-se que o processo se encontra em fase de análise regulatóri",True
graficas,2026.02.11CEFICMemriadareuniov2,2,Gráficas,"tes e, portanto, com o cronograma ainda em discussão . • Credenciamento Definitivo de Gráficas e Personalizadoras – previsão de deliberação da resolução na Cefic em junho de 2026 .",True
graficas,2026.02.11CEFICMemriadareuniov2,2,Gráficas,recepção no fluxo em maio e do legado em julho de 2026. • Auditoria e Fiscalização de Gráficas e Pe rsonalizadoras - previsão da deliberação da resolução em novembro de 2026. • Aj,True
graficas,2026.03.12MemriadaReunioCEFIC1,2,Gráficas,Casa Civil fará uma reunião com o Ministério da Saúde. • Credenciamento Definitivo de Gráficas e Personalizadoras – previsão de realização de consulta pública em abril de 2026 e delib,True
graficas,2026.03.12MemriadaReunioCEFIC1,2,Gráficas,novos gestores do MJSP para alinhamento de cronograma. • Auditoria e Fiscalização de Gráficas e Personalizadoras – comentou-se que devem ser analisadas as opções de fiscalização que,True
graficas,2026.03.12MemriadaReunioCEFIC1,2,gráficas,"ue devem ser analisadas as opções de fiscalização que serão realizadas nos estados e nas gráficas, considerando o âmbito de competência , o objeto e as particularidades das auditorias. O",True
graficas,2026.08.11MemriadaReunioCEFIC,2,gráficas,NV) e Declaração de óbito (DO) com os sistemas federais. • Credenciamento definitivo de gráficas e personalizadoras – A minuta da resolução está em análise jurídica no ITI. Com relaç,True
graficas,4___reuniao_CEFIC_11_10_2023,4,gráficas,"deral: Devido à falta de estrutura, não é possível realizar a fiscalização, controle das gráficas previstos em decreto. Necessário apresentar uma proposta de estrutura para dar conta d",True
graficas,Ata3aReuCEFIC1,3,gráficas,"ico da CEFIC a possibilidade de ser feita uma resolução sobre credenciamento de empresas gráficas, exigindo que essas empresas apresentem requisitos mínimos para que possam participar de",True
graficas,ATA8reudacefic11,3,gráficas,"letude dos exames de verificação dos espelhos das Carteiras de Identidade enviadas pelas gráficas, a pedido da PF, será realizado uma visita técnica nas gráficas que foram credenciadas p",True
graficas,ATA8reudacefic11,3,gráficas,"Identidade enviadas pelas gráficas, a pedido da PF, será realizado uma visita técnica nas gráficas que foram credenciadas provisoriamente, a fim de verificar a conformidade dos elementos",True
graficas,D11797,6,gráficas,"alização dos entes públicos e privados sobre sistemas biométricos, de personalização e de gráficas no âmbito da expedição da Carteira de Identidade; II - operacionalizar os processos previ",False
graficas,Memoria1aReuniaoCEFIC20250311v2,3,Gráficas,", na próxima reunião da CEFIC será apresentada uma minuta do plano de implementação: API Gráficas; Motor Biométrico ABIS; Integração PCIN x SBP; PCIN receberá CIN vindas do SBF; e Integ",True
graficas,Memoria2aReuniaoCEFIC20250422,2,gráficas,"o. Foi sugerido pelo coordenador da CEFIC que a entrega do Credenciamento Definitivo das gráficas fosse antecipada para 2025, mesmo que mantendo um vacatio legis para 2026, com tempo par",True
graficas,Memoria2aReuniaoCEFIC20250422,3,gráficas,ção do plano de comunicação 6.3 Discussão e maturação do processo de credenciamento das gráficas no GT2. 6.4 Validação da proposta de cronograma de entregas até dezembro de 2025. 6.5 A,True
graficas,Memoria3aReuniaoCEFIC202505131,2,gráficas,"=== técnicos locais. As informações foram organizadas em cinco eixos: sistema biométrico, gráficas integradoras, emissão da CIN, ações coletivas (mutirões) e gestão do Fundo Nacional de S",True
graficas,Memoria3aReuniaoCEFIC202505131,2,gráficas,dos que emitem aquém da capacidade contratual ou técnica e a gestão dos contratos com as gráficas. Ponderado a necessidade de planejamento para evitar interrupções no serviço e garant,True
graficas,RelatorioVisitaTecnicaGraficasagosto,2,gráficas,"g 2] ===== O presente documento consiste em relatório técnico sobre a visita realizada às gráficas, localizadas no Estado de São Paulo, que possuem credenciamento provisório, junto à Câm",False
graficas,RelatorioVisitaTecnicaGraficasagosto,3,gráficas,ão à elaboração de parecer técnico para subsidiar a CEFIC no credenciamento das referidas gráficas. Ainda no sentido de subsidiar a decisão da CEFIC foi solicitada a apresentação de nota,False
graficas,RelatorioVisitaTecnicaGraficasagosto,10,gráficas,"(Naturalidade / Place of Birth), o texto pré- impresso é previsto com 29 posições, mas as gráficas apontaram que há limitação de 23 caracteres. Em duas gráficas os modelos apresentam um ma",False
graficas,RelatorioVisitaTecnicaGraficasagosto,10,gráficas,"sto com 29 posições, mas as gráficas apontaram que há limitação de 23 caracteres. Em duas gráficas os modelos apresentam um mapa vazado em branco, na posição dedicada à impressão do mapa e",False
graficas,RelatorioVisitaTecnicaGraficasagosto,11,gráficas,não afetam a continuidade do projeto. Revisão do manual e encaminhamento concomitante às gráficas e aos Estados que fazem parte do projeto piloto. Inclusão no manual: da altura de transi,False
graficas,RelatorioVisitaTecnicaGraficasagosto,12,gráficas,idadão visa assegurar que as pessoas jurídicas que prestam serviços na área de impressões gráficas possuam as condições técnicas mínimas estipuladas para a emissão da Carteira de Identidad,False
graficas,res2,1,gráﬁcas,e Identidade Nacional (CIN). Art. 2º Para o credenciamento provisório de empresas gráﬁcas que possuem contratos de prestação de serviços vigentes com os Órgãos de Identiﬁcação,True
graficas,visita-tecnica-2023-3,2,gráficas,"g 2] ===== O presente documento consiste em relatório técnico sobre a visita realizada às gráficas ICE Cartões Especiais e CONTIPLAN, localizadas no Estado de São Paulo, que possuem creden",False
graficas,visita-tecnica-2023-3,3,gráficas,"am à elaboração de parecer técnico para subsidiar a CEFIC no credenciamento das referidas gráficas. Nesse contexto, destaca-se que ainda no sentido de subsidiar a decisão da CEFIC foi soli",False
graficas,visita-tecnica-2023-3,4,gráficas,"14298 que especifica requisitos para um sistema de gestão de impressão de segurança para gráficas; e a certificação NBR 15540, que preconiza que procedimentos de produção de impressos de",False
graficas,visita-tecnica-2023-3,8,gráficas,"14298 que especifica requisitos para um sistema de gestão de impressão de segurança para gráficas; e a certificação NBR 15540, que preconiza que procedimentos de produção de impressos de",False
fala_brasil,Minuta_RIPD_SIC_GOV_BR1,18,Fala.BR,como Foto-selfie. Exclusão da conta O Ministério da Economia utiliza a plataforma Fala.BR (falabr .cgu.gov.br) como meio de comunicação entre o órgão e o titular. Para registro d,False
fala_brasil,Minuta_RIPD_SIC_GOV_BR1,18,falabr,-selfie. Exclusão da conta O Ministério da Economia utiliza a plataforma Fala.BR (falabr .cgu.gov.br) como meio de comunicação entre o órgão e o titular. Para registro da solici,False
fala_brasil,Minuta_RIPD_SIC_GOV_BR1,31,Fala.BR,eus dados diretamente no Serviço conta gov.br e exercer outros direitos através do canal Fala.BR. Mais detalhamento no tópico 5. Para o piloto do Modelo Governo como plataforma: Os tit,False
fala_brasil,Minuta_RIPD_SIC_GOV_BR1,31,Fala.BR,"exercer outros direitos previstos na LGPD, diretamente no aplicativo gov.br e do canal Fala.BR. • Expectativa do titular O Aviso de Privacidade, disponível no Serviço conta gov.",False
fala_brasil,Minuta_RIPD_SIC_GOV_BR1,38,Fala.BR,"ópico 3.2. Para o titular exercer os demais direitos, como exclusão da conta, há o canal Fala.BR. Marta Juvina de Medeiros, contato: Fala.BR (falabr.cgu.gov.br) Endereço: Minist",False
fala_brasil,Minuta_RIPD_SIC_GOV_BR1,38,Fala.BR,"tos, como exclusão da conta, há o canal Fala.BR. Marta Juvina de Medeiros, contato: Fala.BR (falabr.cgu.gov.br) Endereço: Ministério da Economia. Esplanada dos Ministérios, Bloco",False
fala_brasil,Minuta_RIPD_SIC_GOV_BR1,38,falabr,"exclusão da conta, há o canal Fala.BR. Marta Juvina de Medeiros, contato: Fala.BR (falabr.cgu.gov.br) Endereço: Ministério da Economia. Esplanada dos Ministérios, Bloco P, 4º a",False
tier_iii,res21,3,Tier III,"onais em diferentes localizações, com capacidade de resiliência operacional e certiﬁcação Tier III; 3.4. implementar um Disaster Recovery Layer -DRL de contingência aos sítios; 3.5. implem",True
sitios_operacionais,res21,3,sítios operacionais,"permita a interoperabilidade entre diferentes tecnologias; 3.3. possuir, no mínimo, dois sítios operacionais em diferentes localizações, com capacidade de resiliência operacional e certiﬁcação Tier",True
preferencia_normativa,ABNT-NBR-17225-Acessibilidade-Digital,41,preferencialmente,"visível do componente ou do seu rótulo; ou — O nome acessível contém o texto visível, preferencialmente no início. C. S. 2.5.3, Nível de conformidade A 5.13.8 Mensagens de status – Requisito To",False
preferencia_normativa,ABNT-NBR-17225-Acessibilidade-Digital,74,preferencialmente,"exto visível do componente ou do seu rótulo; ou O nome acessível contém o texto visível, preferencialmente no início. Requisito 2.5.3 (A) Sim Não N/A 5.13.8 Mensagens de status Todas as mensagens",False
preferencia_normativa,L13709,11,preferencialmente,"e as práticas utilizadas para a execução dessas atividades, em veículos de fácil acesso, preferencialmente em seus sítios eletrônicos; II - (VETADO); e III - seja indicado um encarregado quando re",False
preferencia_normativa,L13709,15,preferencialmente,"de contato do encarregado deverão ser divulgadas publicamente, de forma clara e objetiva, preferencialmente no sítio eletrônico do controlador. § 2º As atividades do encarregado consistem em: I - a",False
preferencia_normativa,res1,6,preferencialmente,"tados, debates ocorridos e as deliberações tomadas. §1° As atas serão confeccionadas preferencialmente em documento eletrônico e serão assinadas pelo responsável pela sua lavratura e pelo",True
preferencia_normativa,res10,6,preferencialmente,"ados, debates ocorridos e as deliberações tomadas. § 1º Os registros serão confeccionados preferencialmente em documento eletrônico e serão assinados pelo responsável pela sua compilação e pelo Sec",True
preferencia_normativa,res21,3,preferencialmente,"rutura e de solução tecnológica: 3.1. estar hospedado em território nacional; 3.2. ter, preferencialmente, mais de um fornecedor dos algoritmos do motor biométrico, integrados por meio d",True
preferencia_normativa,res4,4,preferencialmente,"e as práticas utilizadas para a execução dessas atividades, em veículos de fácil acesso, preferencialmente em seus sítios eletrônicos; j. A Secretaria de Governo Digital poderá, nos termos",True
preferencia_normativa,resolucao-no-32_03_06_2026,2,preferencialmente,"s mecanismos de validação disponíveis. § 2º O cancelamento por falecimento será realizado preferencialmente por integração sistêmica com bases oﬁciais de registro civil, quando disponível. Art. 5º",True
