arquivo_repo,arquivo_original,renomeado
1-reunic-ordinaria-15_05_2024,1-reunic-ordinaria-15_05_2024,False
1_reunicextra_cefic_21_07_2023,1_reunicextra_cefic_21_07_2023,False
1reuniao_Cefic_06_04_2023-,1reuniao_Cefic_06_04_2023-,False
20220209semeprojetoidentificacaodocidadao_primeira_reu_ceficv6,20220209semeprojetoidentificacaodocidadao_primeira_reu_ceficv6,False
20220209semeprojetoidentificacaodocidadao_segunda_reu_ceficv5,20220209semeprojetoidentificacaodocidadao_segunda_reu_ceficv5,False
202205053areuniaoCEFICv2,202205053areuniaoCEFICv2,False
2024-05-15-memoria-1a-reuniao-ordinaria-cefic1-1,2024-05-15-memoria-1a-reuniao-ordinaria-cefic1-1,False
2024-05-27_memoria-de-reuniao-1a-reuniao-extradordinaria-cefic,2024-05-27_memoria-de-reuniao-1a-reuniao-extradordinaria-cefic,False
2024-07-02_memoria-de-reuniao-2a-reuniao-ordinaria-cefic,2024-07-02_memoria-de-reuniao-2a-reuniao-ordinaria-cefic,False
2024-08-06_memoria-de-reuniao-3a-reuniao-ordinaria-cefic,2024-08-06_memoria-de-reuniao-3a-reuniao-ordinaria-cefic,False
2024-08-20_memoria-de-reuniao-2a-reuniao-extraordinaria-cefic,2024-08-20_memoria-de-reuniao-2a-reuniao-extraordinaria-cefic,False
2024-10-01_memoria-de-reuniao-4a-reuniao-cefic,2024-10-01_memoria-de-reuniao-4a-reuniao-cefic,False
2024-12-03_memoria-de-reuniao-5a-reuniao-cefic,2024-12-03_memoria-de-reuniao-5a-reuniao-cefic,False
2024-12-19_memoria-de-reuniao-3a-reuniao-extraordinaria-cefic,2024-12-19_memoria-de-reuniao-3a-reuniao-extraordinaria-cefic,False
2025.06.10MemriadaReunioCEFICFINAL,2025.06.10MemriadaReunioCEFICFINAL,False
2025.07.10MemriadaReunioCEFIC1revisado,2025.07.10MemriadaReunioCEFIC1revisado,False
2025.07.10MemriadaReunioCEFIC_FINAL,2025.07.10MemriadaReunioCEFIC_FINAL,False
2025.08.15MemriadaReunioCEFIC,2025.08.15MemriadaReunioCEFIC,False
2025.09.09MemriadaReunioCEFIC,2025.09.09MemriadaReunioCEFIC,False
2025.12.09MemriaCefic,2025.12.09MemriaCefic,False
2025.12.16CEFICMemriadareunio,2025.12.16CEFICMemriadareunio,False
2026-05-13-memoria-da-reuniao-cefic,2026-05-13-memoria-da-reuniao-cefic,False
2026-06-16-memoria-da-reuniao-cefic,2026-06-16-memoria-da-reuniao-cefic,False
2026.02.11CEFICMemriadareuniov2,2026.02.11CEFICMemriadareuniov2,False
2026.02.11MemriadaReunioCEFIC,2026.02.11MemriadaReunioCEFIC,False
2026.02.26CEFICMemriadeReunioVirtual,2026.02.26CEFICMemriadeReunioVirtual,False
2026.03.12MemriadaReunioCEFIC,2026.03.12MemriadaReunioCEFIC,False
2026.03.12MemriadaReunioCEFIC1,2026.03.12MemriadaReunioCEFIC1,False
2026.04.16MemriadaReunioCEFIC,2026.04.16MemriadaReunioCEFIC,False
2026.04.16MemriadaReunioCEFIC1,2026.04.16MemriadaReunioCEFIC1,False
2026.04.17MemriadaReunioVirtualCEFIC,2026.04.17MemriadaReunioVirtualCEFIC,False
2026.07.14MemriadaReunioCEFIC,2026.07.14MemriadaReunioCEFIC,False
2026.08.11MemriadaReunioCEFIC,2026.08.11MemriadaReunioCEFIC,False
2_reunicextra_cefic_21_08_2023,2_reunicextra_cefic_21_08_2023,False
3_reuniao_cefic_10_08_2023,3_reuniao_cefic_10_08_2023,False
4___reuniao_CEFIC_11_10_2023,4___reuniao_CEFIC_11_10_2023,False
5_reuniao_cefic_2023_12_21,5_reuniao_cefic_2023_12_21,False
ABNT-NBR-17225-Acessibilidade-Digital,ABNT-NBR-17225-Acessibilidade-Digital,False
ata2areuniaodacefic,ata2areuniaodacefic,False
Ata3aReuCEFIC1,Ata3aReuCEFIC1,False
Ata4aReu_CEFIC1,Ata4aReu_CEFIC1,False
Ata5aReu_CEFICv4,Ata5aReu_CEFICv4,False
ATA8reudacefic11,ATA8reudacefic11,False
ata_1_14mar22,ata_1_14mar22,False
Atada6reuniaoCEFIC.v2,Atada6reuniaoCEFIC.v2,False
Atada7reuniaoCEFIC.v2,Atada7reuniaoCEFIC.v2,False
copy2_of_2025.06.10MemriadaReunioCEFICFINAL,copy2_of_2025.06.10MemriadaReunioCEFICFINAL,False
copy2_of_2025.07.10MemriadaReunioCEFIC1revisado,copy2_of_2025.07.10MemriadaReunioCEFIC1revisado,False
copy2_of_Fluxo_CIN_V7,copy2_of_Fluxo_CIN_V7,False
copy2_of_Memoria1aReuniaoCEFIC20250311v2,copy2_of_Memoria1aReuniaoCEFIC20250311v2,False
copy3_of_2025.06.10MemriadaReunioCEFICFINAL,copy3_of_2025.06.10MemriadaReunioCEFICFINAL,False
copy_of_20220209semeprojetoidentificacaodocidadao_primeira_reu_ceficv6,copy_of_20220209semeprojetoidentificacaodocidadao_primeira_reu_ceficv6,False
copy_of_20220209semeprojetoidentificacaodocidadao_segunda_reu_ceficv5,copy_of_20220209semeprojetoidentificacaodocidadao_segunda_reu_ceficv5,False
copy_of_202205053areuniaoCEFICv2,copy_of_202205053areuniaoCEFICv2,False
copy_of_2025.06.10MemriadaReunioCEFICFINAL,copy_of_2025.06.10MemriadaReunioCEFICFINAL,False
copy_of_2025.07.10MemriadaReunioCEFIC1revisado,copy_of_2025.07.10MemriadaReunioCEFIC1revisado,False
copy_of_ata2areuniaodacefic,copy_of_ata2areuniaodacefic,False
copy_of_Ata3aReuCEFIC1,copy_of_Ata3aReuCEFIC1,False
copy_of_Ata4aReu_CEFIC1,copy_of_Ata4aReu_CEFIC1,False
copy_of_Ata5aReu_CEFICv4,copy_of_Ata5aReu_CEFICv4,False
copy_of_ATA8reudacefic11,copy_of_ATA8reudacefic11,False
copy_of_ata_1_14mar22,copy_of_ata_1_14mar22,False
copy_of_Atada6reuniaoCEFIC.v2,copy_of_Atada6reuniaoCEFIC.v2,False
copy_of_Atada7reuniaoCEFIC.v2,copy_of_Atada7reuniaoCEFIC.v2,False
copy_of_D10900,copy_of_D10900,False
copy_of_Fluxo_CIN_V7,copy_of_Fluxo_CIN_V7,False
copy_of_Memoria1aReuniaoCEFIC20250311v2,copy_of_Memoria1aReuniaoCEFIC20250311v2,False
copy_of_RelatorioVisitaTecnicaGraficasagosto,copy_of_RelatorioVisitaTecnicaGraficasagosto,False
copy_of_resolucao_n-9-de-7-de-novembro-de-2022,copy_of_resolucao_n-9-de-7-de-novembro-de-2022,False
copy_of_resolucao_n__7__de_13_de_outubro_de_202,copy_of_resolucao_n__7__de_13_de_outubro_de_202,False
copy_of_resolucao_n__8__de_13_de_outubro_de_2022,copy_of_resolucao_n__8__de_13_de_outubro_de_2022,False
D10900,D10900,False
D10977,D10977,False
D11429,D11429,False
D11797,D11797,False
Fluxo_CIN_V7,Fluxo_CIN_V7,False
L12527,L12527,False
L13709,L13709,False
L14534,L14534,False
L7116,L7116,False
Memoria1aReuniaoCEFIC20250311v2,Memoria1aReuniaoCEFIC20250311v2,False
Memoria2aReuniaoCEFIC20250422,Memoria2aReuniaoCEFIC20250422,False
Memoria3aReuniaoCEFIC202505131,Memoria3aReuniaoCEFIC202505131,False
MICIN_VERSO_Enviada_PUBLICAO_RESOLUO_24.2025,MICIN_VERSO_Enviada_PUBLICAO_RESOLUO_24.2025,False
Minuta_RIPD_SIC_GOV_BR1,Minuta_RIPD_SIC_GOV_BR1,False
portaria-sgd_mgi-no-2-474_10_06_2026,portaria-sgd_mgi-no-2-474_10_06_2026,False
Portaria_58050721_PORTARIA_SGD_MGI_N__1.120__DE_12_DE_FEVEREIRO_DE_202__36705b,Portaria_58050721_PORTARIA_SGD_MGI_N__1.120__DE_12_DE_FEVEREIRO_DE_2026___PORTARIA_SGD_MGI_N__1.120__DE_12_DE_FEVEREIRO_DE_2026___DOU___Imprensa_Nacional,True
Portaria_58050795_PORTARIA_SGD_MGI_N__1.121__DE_12_DE_FEVEREIRO_DE_202__27ea5f,Portaria_58050795_PORTARIA_SGD_MGI_N__1.121__DE_12_DE_FEVEREIRO_DE_2026___PORTARIA_SGD_MGI_N__1.121__DE_12_DE_FEVEREIRO_DE_2026___DOU___Imprensa_Nacional,True
Portaria_58050936_PORTARIA_SGD_MGI_N__1.228__DE_12_DE_FEVEREIRO_DE_202__64f774,Portaria_58050936_PORTARIA_SGD_MGI_N__1.228__DE_12_DE_FEVEREIRO_DE_2026___PORTARIA_SGD_MGI_N__1.228__DE_12_DE_FEVEREIRO_DE_2026___DOU___Imprensa_Nacional,True
PORTARIASGD10972,PORTARIASGD10972,False
PORTARIASGD4.987,PORTARIASGD4.987,False
PORTARIASGD8296,PORTARIASGD8296,False
PORTARIASGD8297,PORTARIASGD8297,False
PORTARIASGD8298,PORTARIASGD8298,False
PORTARIASGD9367,PORTARIASGD9367,False
PORTARIASGD_MGIN2.975DE7DEABRILDE2026PORTARIASGD_MGIN2.975DE7DEABRILDE__0dc94f,PORTARIASGD_MGIN2.975DE7DEABRILDE2026PORTARIASGD_MGIN2.975DE7DEABRILDE2026DOUImprensaNacional,True
PORTARIASGD_MGIN3.193DE22DEABRILDE2026PORTARIASGD_MGIN3.193DE22DEABRIL__604812,PORTARIASGD_MGIN3.193DE22DEABRILDE2026PORTARIASGD_MGIN3.193DE22DEABRILDE2026DOUImprensaNacional,True
publicacao_dou_resolucao_no_21__de_6_de_fevereiro_de_2025___resolucao__ff7227,publicacao_dou_resolucao_no_21__de_6_de_fevereiro_de_2025___resolucao_no_21__de_6_de_fevereiro_de_2025___dou___imprensa_nacional,True
relatorio-de-visita-tecnica-casa-da-moeda,relatorio-de-visita-tecnica-casa-da-moeda,False
RelatorioVisitaTecnicaGraficasagosto,RelatorioVisitaTecnicaGraficasagosto,False
res1,res1,False
res10,res10,False
res11,res11,False
res12,res12,False
res13,res13,False
res14,res14,False
res15,res15,False
res16,res16,False
res17,res17,False
res18,res18,False
res19,res19,False
res2,res2,False
res20,res20,False
res21,res21,False
res22,res22,False
res23,res23,False
res24,res24,False
res25,res25,False
res26,res26,False
res27,res27,False
res28,res28,False
res29,res29,False
res3,res3,False
res30,res30,False
res31,res31,False
res4,res4,False
res5,res5,False
res6,res6,False
res7,res7,False
res8,res8,False
res9,res9,False
resolucao-15,resolucao-15,False
resolucao-16,resolucao-16,False
resolucao-no-32_03_06_2026,resolucao-no-32_03_06_2026,False
resolucao-no-33_03_06_2026,resolucao-no-33_03_06_2026,False
Resolucao24,Resolucao24,False
Resolucao25,Resolucao25,False
Resolucao26,Resolucao26,False
Resolucao27,Resolucao27,False
Resolucao28,Resolucao28,False
resolucao_n-9-de-7-de-novembro-de-2022,resolucao_n-9-de-7-de-novembro-de-2022,False
resolucao_n_1,resolucao_n_1,False
resolucao_n__2__de_02_de_junho_de_2022,resolucao_n__2__de_02_de_junho_de_2022,False
resolucao_n__3__de_13_de_junho_de_2022,resolucao_n__3__de_13_de_junho_de_2022,False
resolucao_n__4__de_7_de_junho_de_2022,resolucao_n__4__de_7_de_junho_de_2022,False
resolucao_n__5__de_11_de_agosto_de_2022,resolucao_n__5__de_11_de_agosto_de_2022,False
resolucao_n__6__de_13_de_outubro_de_2022,resolucao_n__6__de_13_de_outubro_de_2022,False
resolucao_n__7__de_13_de_outubro_de_202,resolucao_n__7__de_13_de_outubro_de_202,False
resolucao_n__8__de_13_de_outubro_de_2022,resolucao_n__8__de_13_de_outubro_de_2022,False
Resoluo23,Resoluo23,False
RESOLUON22DE5DEMAIOde2025RESOLUON22DE5DEMAIOde2025DOUImprensaNacional,RESOLUON22DE5DEMAIOde2025RESOLUON22DE5DEMAIOde2025DOUImprensaNacional,False
ret_res24,ret_res24,False
retificacao___retificacao___dou___imprensa_nacional,retificacao___retificacao___dou___imprensa_nacional,False
visita-tecnica-2023-3,visita-tecnica-2023-3,False
