familia,estrito_total,estrito_docs,ampliado_total,ampliado_docs,no_recorte_declarado_sem_ocorrencia,situacao
capacitacao_tecnologica,0,0,5,5,True,sintagma ausente; termos vizinhos presentes em ocorrências marginais
propriedade_intelectual,0,0,2,2,True,sintagma ausente; termos vizinhos presentes em ocorrências marginais
empresa_industria_nacional,0,0,1,1,True,sintagma ausente; termos vizinhos presentes em ocorrências marginais
aprisionamento_lockin,0,0,0,0,True,ausência robusta a sinônimos e variantes
codigo_fonte,0,0,0,0,True,ausência robusta a sinônimos e variantes
conteudo_local,0,0,0,0,True,ausência robusta a sinônimos e variantes
desenvolvimento_nacional,0,0,0,0,True,ausência robusta a sinônimos e variantes
encomenda_tecnologica,0,0,0,0,True,ausência robusta a sinônimos e variantes
margem_preferencia,0,0,0,0,True,ausência robusta a sinônimos e variantes
nova_industria_brasil,0,0,0,0,True,ausência robusta a sinônimos e variantes
padrao_aberto,0,0,0,0,True,ausência robusta a sinônimos e variantes
software_livre_codigo_aberto,0,0,0,0,True,ausência robusta a sinônimos e variantes
substituicao_fornecedor,0,0,0,0,True,ausência robusta a sinônimos e variantes
transferencia_tecnologia,0,0,0,0,True,ausência robusta a sinônimos e variantes
fala_brasil,7,1,485,83,False,presente
graficas,39,21,79,25,False,presente
policiafederal_aditivo,3,3,64,33,False,presente
territorio_nacional,38,16,38,16,False,presente
interoperabilidade,34,19,34,19,False,presente
multifornecedor_segundo_motor,3,3,34,16,False,presente
preferencia_normativa,12,10,19,10,False,presente; família acrescentada ao léxico no teste de robustez
nist_nfiq,16,8,18,8,False,presente
bancos,6,2,6,2,False,presente
blockchain,6,3,6,3,False,presente
acuracia,5,5,5,5,False,presente
concorrencia,3,2,5,4,False,presente
fomento,4,3,4,3,False,presente
soberania,3,2,3,2,False,presente
sitios_operacionais,2,2,2,2,False,presente
tier_iii,2,2,2,2,False,presente
