conceito,termo,situacao,ocorrencias,documentos,aviso
Padrão aberto,padrão aberto,ausente,0,0,
Padrão aberto,padrões abertos,ausente,0,0,
Padrão aberto,padronização aberta,ausente,0,0,
Padrão aberto,especificação aberta,ausente,0,0,
Padrão aberto,especificações abertas,ausente,0,0,
Padrão aberto,open standard,ausente,0,0,
Padrão aberto,API pública,ausente,0,0,
Padrão aberto,API aberta,ausente,0,0,
Substituição de fornecedor,substituição de fornecedor,ausente,0,0,
Substituição de fornecedor,substituição do fornecedor,ausente,0,0,
Substituição de fornecedor,troca de fornecedor,ausente,0,0,
Substituição de fornecedor,trocar de fornecedor,ausente,0,0,
Substituição de fornecedor,mudança de fornecedor,ausente,0,0,
Substituição de fornecedor,portabilidade de fornecedor,ausente,0,0,
Substituição de fornecedor,migração de fornecedor,ausente,0,0,
Substituição de fornecedor,substituição da solução,ausente,0,0,
Substituição de fornecedor,substituição de tecnologia,ausente,0,0,
Desenvolvimento nacional,desenvolvimento nacional,ausente,0,0,
Desenvolvimento nacional,desenvolvimento tecnológico nacional,ausente,0,0,
Desenvolvimento nacional,desenvolvimento local,ausente,0,0,
Desenvolvimento nacional,nacionalização,ausente,0,0,
Desenvolvimento nacional,produção nacional,ausente,0,0,
Desenvolvimento nacional,solução nacional,ausente,0,0,
Desenvolvimento nacional,tecnologia nacional,ausente,0,0,
Desenvolvimento nacional,autonomia tecnológica,ausente,0,0,
Empresa/indústria nacional,empresa nacional,ausente,0,0,
Empresa/indústria nacional,empresas nacionais,ausente,0,0,
Empresa/indústria nacional,indústria nacional,ausente,0,0,
Empresa/indústria nacional,fabricante nacional,ausente,0,0,
Empresa/indústria nacional,fornecedor nacional,ausente,0,0,
Empresa/indústria nacional,fornecedores nacionais,ausente,0,0,
Empresa/indústria nacional,capital nacional,ausente,0,0,
Empresa/indústria nacional,sediada no país,ausente,0,0,
Nova Indústria Brasil,Nova Indústria Brasil,ausente,0,0,
Nova Indústria Brasil,NIB,ausente,0,0,sigla curta — ativar 'Palavras inteiras' no leitor
Nova Indústria Brasil,política industrial,ausente,0,0,
Nova Indústria Brasil,BNDES,ausente,0,0,sigla curta — ativar 'Palavras inteiras' no leitor
Nova Indústria Brasil,FINEP,ausente,0,0,sigla curta — ativar 'Palavras inteiras' no leitor
Margem de preferência,margem de preferência,ausente,0,0,
Margem de preferência,margens de preferência,ausente,0,0,
Margem de preferência,critério de desempate,ausente,0,0,
Margem de preferência,Lei 14.133,ausente,0,0,
Conteúdo local,conteúdo local,ausente,0,0,
Conteúdo local,conteúdo nacional,ausente,0,0,
Conteúdo local,índice de nacionalização,ausente,0,0,
Conteúdo local,processo produtivo básico,ausente,0,0,
Conteúdo local,PPB,ausente,0,0,sigla curta — ativar 'Palavras inteiras' no leitor
Encomenda tecnológica,encomenda tecnológica,ausente,0,0,
Encomenda tecnológica,encomenda pública,ausente,0,0,
Encomenda tecnológica,ETEC,ausente,0,0,sigla curta — ativar 'Palavras inteiras' no leitor
Encomenda tecnológica,Lei de Inovação,ausente,0,0,
Encomenda tecnológica,contratação de solução inovadora,ausente,0,0,
Encomenda tecnológica,CPSI,ausente,0,0,sigla curta — ativar 'Palavras inteiras' no leitor
Software livre / código aberto,software livre,ausente,0,0,
Software livre / código aberto,software público,ausente,0,0,
Software livre / código aberto,código aberto,ausente,0,0,
Software livre / código aberto,open source,ausente,0,0,
Software livre / código aberto,licença livre,ausente,0,0,
Software livre / código aberto,licença pública,ausente,0,0,
Software livre / código aberto,GitHub,ausente,0,0,
Software livre / código aberto,repositório público,ausente,0,0,
Código-fonte,código-fonte,ausente,0,0,
Código-fonte,código fonte,ausente,0,0,
Código-fonte,códigos-fonte,ausente,0,0,
Código-fonte,acesso ao código,ausente,0,0,
Código-fonte,entrega do código,ausente,0,0,
Código-fonte,source code,ausente,0,0,
Código-fonte,escrow,ausente,0,0,
Propriedade intelectual,propriedade intelectual,ausente,0,0,
Propriedade intelectual,propriedade industrial,ausente,0,0,
Propriedade intelectual,direitos patrimoniais,ausente,0,0,
Propriedade intelectual,patente,presente,2,2,
Propriedade intelectual,titularidade dos direitos,ausente,0,0,
Propriedade intelectual,titularidade dos resultados,ausente,0,0,
Propriedade intelectual,INPI,ausente,0,0,sigla curta — ativar 'Palavras inteiras' no leitor
Propriedade intelectual,licenciamento,ausente,0,0,
Transferência de tecnologia,transferência de tecnologia,ausente,0,0,
Transferência de tecnologia,transferência tecnológica,ausente,0,0,
Transferência de tecnologia,transferência de conhecimento,ausente,0,0,
Transferência de tecnologia,absorção tecnológica,ausente,0,0,
Transferência de tecnologia,repasse de tecnologia,ausente,0,0,
Transferência de tecnologia,internalização da tecnologia,ausente,0,0,
Capacitação tecnológica,capacitação tecnológica,ausente,0,0,
Capacitação tecnológica,capacitação técnica,ausente,0,0,
Capacitação tecnológica,capacitação,presente,4,4,
Capacitação tecnológica,treinamento,presente,1,1,
Capacitação tecnológica,formação de equipes,ausente,0,0,
Capacitação tecnológica,formação de pessoal,ausente,0,0,
Capacitação tecnológica,qualificação técnica,ausente,0,0,
Aprisionamento / lock-in,aprisionamento,ausente,0,0,
Aprisionamento / lock-in,lock-in,ausente,0,0,
Aprisionamento / lock-in,lock in,ausente,0,0,
Aprisionamento / lock-in,vendor lock,ausente,0,0,
Aprisionamento / lock-in,dependência tecnológica,ausente,0,0,
Aprisionamento / lock-in,dependência de fornecedor,ausente,0,0,
Aprisionamento / lock-in,dependência do fornecedor,ausente,0,0,
Aprisionamento / lock-in,cativo,ausente,0,0,
Aprisionamento / lock-in,monopólio,ausente,0,0,
Aprisionamento / lock-in,fornecedor único,ausente,0,0,
Aprisionamento / lock-in,exclusividade,ausente,0,0,
