documento,arquivo,chars,caracteres_corrompidos
memoria 10/07/2025,2025.07.10MemriadaReunioCEFIC1revisado,5912,37
memoria 10/07/2025,2025.07.10MemriadaReunioCEFIC_FINAL,5860,0
memoria 11/02/2026,2026.02.11CEFICMemriadareuniov2,7202,0
memoria 11/02/2026,2026.02.11MemriadaReunioCEFIC,7157,0
memoria 12/03/2026,2026.03.12MemriadaReunioCEFIC,9058,0
memoria 12/03/2026,2026.03.12MemriadaReunioCEFIC1,9059,0
memoria 16/04/2026,2026.04.16MemriadaReunioCEFIC,6335,0
memoria 16/04/2026,2026.04.16MemriadaReunioCEFIC1,6544,0
Resolucao 21,res21,13042,0
Resolucao 21,publicacao_dou_resolucao_no_21__de_6_de_fevereiro_de_2025___resolucao__ff7227,12875,0
Resolucao 22,res22,3483,0
Resolucao 22,RESOLUON22DE5DEMAIOde2025RESOLUON22DE5DEMAIOde2025DOUImprensaNacional,3401,0
Resolucao 28,res28,2360,0
Resolucao 28,Resolucao28,2160,0
Resolucao 7,res7,4159,0
Resolucao 7,resolucao_n__7__de_13_de_outubro_de_202,3735,0
Resolucao 8,res8,4291,0
Resolucao 8,resolucao_n__8__de_13_de_outubro_de_2022,3875,0
